0,0.0455484451457
1,0.0461594171294
2,0.0461594171294
3,0.0461594171294
4,0.0463960098763
5,0.0463960098763
6,0.0463960098763
7,0.0463960098763
8,0.0467594860016
9,0.0467594860016
10,0.0467594860016
11,0.0467594860016
12,0.0467594860016
13,0.0467594860016
14,0.0467594860016
15,0.0469906173676
16,0.0469906173676
17,0.0469906173676
18,0.048077811443
19,0.0482732086109
20,0.0482732086109
21,0.0482732086109
22,0.0482732086109
23,0.0482732086109
24,0.0496246991281
25,0.0504112567171
26,0.0504112567171
27,0.0504112567171
28,0.05108844195
29,0.0515104572144
30,0.0515104572144
31,0.052600976749
32,0.052600976749
33,0.052600976749
34,0.052600976749
35,0.052600976749
36,0.052600976749
37,0.052600976749
38,0.052600976749
39,0.053542774433
40,0.0551968902072
41,0.0551968902072
42,0.0551968902072
43,0.0551968902072
44,0.0551968902072
45,0.0551968902072
46,0.0551968902072
47,0.0552290063407
48,0.0552290063407
49,0.0552290063407
50,0.0552290063407
51,0.0552290063407
52,0.0552290063407
53,0.0552290063407
54,0.0552676541223
55,0.055702858377
56,0.055702858377
57,0.055702858377
58,0.055702858377
59,0.055702858377
60,0.0558713273587
61,0.0558713273587
62,0.0558713273587
63,0.0558713273587
64,0.0558713273587
65,0.0558713273587
66,0.0558713273587
67,0.0571175861277
68,0.0581462603454
69,0.0581462603454
70,0.0581462603454
71,0.0587835989036
72,0.0587835989036
73,0.0587835989036
74,0.0588800161512
75,0.0595084904195
76,0.0595084904195
77,0.0595084904195
78,0.059521781487
79,0.059521781487
80,0.059521781487
81,0.059521781487
82,0.059521781487
83,0.059521781487
84,0.059521781487
85,0.0600659862898
86,0.0600659862898
87,0.0600659862898
88,0.0600659862898
89,0.0600659862898
90,0.0600659862898
91,0.0600659862898
92,0.0600659862898
93,0.0600659862898
94,0.0637719202707
95,0.0637719202707
96,0.0637719202707
97,0.0637719202707
98,0.0637719202707
99,0.0637719202707
100,0.0637719202707
101,0.0637719202707
102,0.0637719202707
103,0.0637719202707
104,0.0639153347374
105,0.0639153347374
106,0.0639153347374
107,0.0639153347374
108,0.0639153347374
109,0.0666488640518
110,0.0666488640518
111,0.0668936794267
112,0.0668936794267
113,0.0668936794267
114,0.0668936794267
115,0.0668936794267
116,0.0668936794267
117,0.0668936794267
118,0.0668936794267
119,0.0668936794267
120,0.0668936794267
121,0.0668936794267
122,0.0668936794267
123,0.0668936794267
124,0.0668936794267
125,0.0668936794267
126,0.0668936794267
127,0.0668936794267
128,0.0668936794267
129,0.0668936794267
130,0.0668936794267
131,0.0668936794267
132,0.0668936794267
133,0.0668936794267
134,0.0673919208059
135,0.0673919208059
136,0.0673919208059
137,0.0673919208059
138,0.0673919208059
139,0.0673919208059
140,0.0673919208059
141,0.0673919208059
142,0.0673919208059
143,0.0682355062853
144,0.0682355062853
145,0.0682355062853
146,0.0682355062853
147,0.0682355062853
148,0.0682355062853
149,0.0682355062853
150,0.0682355062853
151,0.0682355062853
152,0.0682355062853
153,0.0689974946088
154,0.0689974946088
155,0.0689974946088
156,0.0690745113872
157,0.0690745113872
158,0.0690745113872
159,0.0690745113872
160,0.0690745113872
161,0.0690745113872
162,0.0690745113872
163,0.0691906107803
164,0.0691906107803
165,0.0702495463556
166,0.0702495463556
167,0.0702495463556
168,0.0702495463556
169,0.0702495463556
170,0.0702495463556
171,0.0724437507524
172,0.0724437507524
173,0.0733100644794
174,0.0733100644794
175,0.0733100644794
176,0.0783303321587
177,0.0783303321587
178,0.0783757904544
179,0.0783757904544
180,0.0783757904544
181,0.0783757904544
182,0.0783757904544
183,0.0783757904544
184,0.0783757904544
185,0.0783757904544
186,0.0805435799997
187,0.0805435799997
188,0.0805435799997
189,0.0807439303677
190,0.0807439303677
191,0.0807439303677
192,0.0807439303677
193,0.0807439303677
194,0.0807439303677
195,0.0807439303677
196,0.0807439303677
197,0.0807439303677
198,0.0807439303677
199,0.0807439303677
200,0.0807439303677
201,0.0807439303677
202,0.0807439303677
203,0.0807439303677
204,0.0807439303677
205,0.0807439303677
206,0.0811378494099
207,0.0811378494099
208,0.0811378494099
209,0.0811378494099
210,0.0811378494099
211,0.0811378494099
212,0.0811378494099
213,0.0811378494099
214,0.0811378494099
215,0.0811378494099
216,0.0813936120308
217,0.0813936120308
218,0.0813936120308
219,0.0813936120308
220,0.0813936120308
221,0.0813936120308
222,0.0813936120308
223,0.0813936120308
224,0.0813936120308
225,0.0813936120308
226,0.0813936120308
227,0.0813936120308
228,0.0813936120308
229,0.0813936120308
230,0.0813936120308
231,0.0813936120308
232,0.0813936120308
233,0.0813936120308
234,0.0813936120308
235,0.0813936120308
236,0.0813936120308
237,0.0813936120308
238,0.0821667924463
239,0.0821667924463
240,0.0821667924463
241,0.0821667924463
242,0.0821667924463
243,0.0821667924463
244,0.0821667924463
245,0.0821667924463
246,0.0821667924463
247,0.0821667924463
248,0.0821667924463
249,0.0821667924463
250,0.0821667924463
251,0.0821667924463
252,0.0821667924463
253,0.0821667924463
254,0.0821667924463
255,0.0821667924463
256,0.0821667924463
257,0.0821667924463
258,0.0821667924463
259,0.0821667924463
260,0.0821667924463
261,0.0821667924463
262,0.0821667924463
263,0.0821667924463
264,0.0821667924463
265,0.0821667924463
266,0.0821667924463
267,0.0821667924463
268,0.0821667924463
269,0.0821667924463
270,0.0821667924463
271,0.0821667924463
272,0.0821667924463
273,0.0821667924463
274,0.0821667924463
275,0.0821667924463
276,0.0821667924463
277,0.0821667924463
278,0.0821667924463
279,0.0821667924463
280,0.0821667924463
281,0.0821667924463
282,0.0821667924463
283,0.0821667924463
284,0.0821667924463
285,0.0821667924463
286,0.0821667924463
287,0.0821667924463
288,0.0821667924463
289,0.0821667924463
290,0.0821667924463
291,0.0821667924463
292,0.0821667924463
293,0.0821667924463
294,0.082200286989
295,0.082200286989
296,0.082200286989
297,0.082200286989
298,0.082200286989
299,0.082200286989
300,0.0830742019541
301,0.0830742019541
302,0.0843823263584
303,0.0843823263584
304,0.0843823263584
305,0.0843823263584
306,0.0843823263584
307,0.0846958278894
308,0.0846958278894
309,0.0846958278894
310,0.0846958278894
311,0.0846958278894
312,0.0846958278894
313,0.0846958278894
314,0.0846958278894
315,0.0846958278894
316,0.0846958278894
317,0.0846958278894
318,0.0846958278894
319,0.0846958278894
320,0.0846958278894
321,0.0846958278894
322,0.0846958278894
323,0.0846958278894
324,0.0846958278894
325,0.0846958278894
326,0.0846958278894
327,0.0846958278894
328,0.0846958278894
329,0.0846958278894
330,0.0846958278894
331,0.0846958278894
332,0.0846958278894
333,0.0846958278894
334,0.0846958278894
335,0.0846958278894
336,0.0855971347874
337,0.0855971347874
338,0.0855971347874
339,0.0855971347874
340,0.0855971347874
341,0.0855971347874
342,0.0855971347874
343,0.0855971347874
344,0.0855971347874
345,0.0855971347874
346,0.0855971347874
347,0.0855971347874
348,0.0855971347874
349,0.0855971347874
350,0.0855971347874
351,0.0855971347874
352,0.0855971347874
353,0.0855971347874
354,0.0855971347874
355,0.0855971347874
356,0.0855971347874
357,0.0855971347874
358,0.0855971347874
359,0.0855971347874
360,0.0855971347874
361,0.0855971347874
362,0.0855971347874
363,0.0855971347874
364,0.0855971347874
365,0.0855971347874
366,0.0855971347874
367,0.0855971347874
368,0.0855971347874
369,0.0855971347874
370,0.0855971347874
371,0.0855971347874
372,0.0855971347874
373,0.0855971347874
374,0.0855971347874
375,0.0855971347874
376,0.0876421029143
377,0.0876421029143
378,0.0876421029143
379,0.0876421029143
380,0.0876421029143
381,0.0876421029143
382,0.0877589183529
383,0.0877589183529
384,0.089967969568
385,0.0900817912119
386,0.0900817912119
387,0.0900817912119
388,0.0900817912119
389,0.0900817912119
390,0.0900817912119
391,0.0900817912119
392,0.0900817912119
393,0.0900817912119
394,0.0900817912119
395,0.0900817912119
396,0.0900817912119
397,0.0900817912119
398,0.0900817912119
399,0.0900817912119
400,0.0900817912119
401,0.0900817912119
402,0.0900817912119
403,0.0900817912119
404,0.0900817912119
405,0.0900817912119
406,0.0900817912119
407,0.0900817912119
408,0.0900817912119
409,0.0900817912119
410,0.0900817912119
411,0.0900817912119
412,0.0900817912119
413,0.0900817912119
414,0.0900817912119
415,0.0900817912119
416,0.0900817912119
417,0.0900817912119
418,0.0900817912119
419,0.0900817912119
420,0.0900817912119
421,0.0900817912119
422,0.0900817912119
423,0.0900817912119
424,0.0900817912119
425,0.0900817912119
426,0.0900817912119
427,0.0900817912119
428,0.0900817912119
429,0.0900817912119
430,0.0900817912119
431,0.0900817912119
432,0.0900817912119
433,0.0900817912119
434,0.0900817912119
435,0.0900817912119
436,0.0900817912119
437,0.0900817912119
438,0.0900817912119
439,0.0900817912119
440,0.0900817912119
441,0.0903244882779
442,0.0903244882779
443,0.0903244882779
444,0.0903244882779
445,0.0903244882779
446,0.0903244882779
447,0.0903244882779
448,0.0903244882779
449,0.0903244882779
450,0.0910386004645
451,0.0910386004645
452,0.0910386004645
453,0.0910386004645
454,0.0910386004645
455,0.0910386004645
456,0.0910386004645
457,0.0910386004645
458,0.0910386004645
459,0.0910386004645
460,0.0910386004645
461,0.0910386004645
462,0.0910386004645
463,0.0925525885642
464,0.0925525885642
465,0.0925525885642
466,0.0925525885642
467,0.0925525885642
468,0.0925525885642
469,0.0925525885642
470,0.0925525885642
471,0.0925525885642
472,0.0925525885642
473,0.0925525885642
474,0.0925525885642
475,0.0925525885642
476,0.0925525885642
477,0.0925525885642
478,0.0925525885642
479,0.0925525885642
480,0.0925525885642
481,0.0925525885642
482,0.0925525885642
483,0.0925525885642
484,0.0925525885642
485,0.0925525885642
486,0.0925525885642
487,0.0925525885642
488,0.0925525885642
489,0.0925525885642
490,0.0925525885642
491,0.0925525885642
492,0.0925525885642
493,0.0925525885642
494,0.0925525885642
495,0.0925525885642
496,0.0925525885642
497,0.0925525885642
498,0.0925525885642
499,0.0925525885642
500,0.0925525885642
501,0.0925525885642
502,0.0925525885642
503,0.0925525885642
504,0.0925525885642
505,0.0925525885642
506,0.0925525885642
507,0.0925525885642
508,0.0925525885642
509,0.0925525885642
510,0.0925525885642
511,0.0925525885642
512,0.0925525885642
513,0.0925525885642
514,0.0925525885642
515,0.0925525885642
516,0.0925525885642
517,0.0925525885642
518,0.0925525885642
519,0.0925525885642
520,0.0925525885642
521,0.0925525885642
522,0.0925525885642
523,0.0925525885642
524,0.0925525885642
525,0.0925525885642
526,0.0925525885642
527,0.0925525885642
528,0.0925525885642
529,0.0925525885642
530,0.0925525885642
531,0.0925525885642
532,0.0925525885642
533,0.0925525885642
534,0.0925525885642
535,0.0925525885642
536,0.0925525885642
537,0.0925525885642
538,0.0925525885642
539,0.0925525885642
540,0.0925525885642
541,0.0925525885642
542,0.0925525885642
543,0.0925525885642
544,0.0925525885642
545,0.0925525885642
546,0.0925525885642
547,0.0925525885642
548,0.0925525885642
549,0.0925525885642
550,0.0925525885642
551,0.0946453101975
552,0.0946453101975
553,0.0946453101975
554,0.0946453101975
555,0.0946453101975
556,0.0946453101975
557,0.0946453101975
558,0.0946453101975
559,0.0946453101975
560,0.0946453101975
561,0.0946453101975
562,0.0946453101975
563,0.0946453101975
564,0.0946453101975
565,0.0946453101975
566,0.0946453101975
567,0.0954410623439
568,0.0954410623439
569,0.0954410623439
570,0.0954410623439
571,0.0954410623439
572,0.0954410623439
573,0.0954410623439
574,0.0954410623439
575,0.0954410623439
576,0.0954410623439
577,0.0954410623439
578,0.0954410623439
579,0.0954410623439
580,0.0954410623439
581,0.0954410623439
582,0.0962260037683
583,0.0962260037683
584,0.0962260037683
585,0.0962260037683
586,0.0962260037683
587,0.0962260037683
588,0.0962260037683
589,0.0962260037683
590,0.0968021678547
591,0.0968021678547
592,0.0968021678547
593,0.0968021678547
594,0.0968021678547
595,0.0968021678547
596,0.0968021678547
597,0.0968021678547
598,0.0968021678547
599,0.0968021678547
600,0.0968021678547
601,0.0968021678547
602,0.0968021678547
603,0.0968021678547
604,0.0968021678547
605,0.0968021678547
606,0.0969390058321
607,0.0969390058321
608,0.0969390058321
609,0.0969390058321
610,0.0969390058321
611,0.0969390058321
612,0.0969390058321
613,0.0969390058321
614,0.0969390058321
615,0.0969390058321
616,0.0969390058321
617,0.0969390058321
618,0.0969390058321
619,0.0969390058321
620,0.0969390058321
621,0.0969390058321
622,0.0969390058321
623,0.0969390058321
624,0.0969390058321
625,0.0969390058321
626,0.0969390058321
627,0.0969390058321
628,0.0969390058321
629,0.0969390058321
630,0.0969390058321
631,0.0972944963124
632,0.0972944963124
633,0.0972944963124
634,0.0972944963124
635,0.0980946469485
636,0.0980946469485
637,0.0980946469485
638,0.0980946469485
639,0.0980946469485
640,0.0980946469485
641,0.0980946469485
642,0.0980946469485
643,0.0980946469485
644,0.0980946469485
645,0.0980946469485
646,0.0980946469485
647,0.0980946469485
648,0.0980946469485
649,0.0980946469485
650,0.0980946469485
651,0.0980946469485
652,0.0980946469485
653,0.0980946469485
654,0.0980946469485
655,0.0980946469485
656,0.0980946469485
657,0.0980946469485
658,0.0980946469485
659,0.0980946469485
660,0.0980946469485
661,0.0980946469485
662,0.0980946469485
663,0.0980946469485
664,0.0980946469485
665,0.0980946469485
666,0.0980946469485
667,0.0980946469485
668,0.0980946469485
669,0.0980946469485
670,0.0980946469485
671,0.0980946469485
672,0.0980946469485
673,0.0980946469485
674,0.0980946469485
675,0.0980946469485
676,0.0980946469485
677,0.0980946469485
678,0.0980946469485
679,0.0980946469485
680,0.0980946469485
681,0.0980946469485
682,0.0980946469485
683,0.0980946469485
684,0.0980946469485
685,0.0980946469485
686,0.0980946469485
687,0.0980946469485
688,0.0980946469485
689,0.0980946469485
690,0.0985939576048
691,0.0985939576048
692,0.0985939576048
693,0.0985939576048
694,0.0985939576048
695,0.0985939576048
696,0.0985939576048
697,0.0985939576048
698,0.0985939576048
699,0.0985939576048
700,0.0985939576048
701,0.0985939576048
702,0.0985939576048
703,0.0985939576048
704,0.0991743683994
705,0.0991743683994
706,0.0991743683994
707,0.0991743683994
708,0.0991743683994
709,0.0991743683994
710,0.0991743683994
711,0.0991743683994
712,0.0991743683994
713,0.0991743683994
714,0.0991743683994
715,0.0998040538745
716,0.0998040538745
717,0.0998040538745
718,0.0998040538745
719,0.0998040538745
720,0.0998040538745
721,0.0998040538745
722,0.0998040538745
723,0.0998040538745
724,0.0998040538745
725,0.0998040538745
726,0.0998040538745
727,0.0998040538745
728,0.0998040538745
729,0.0998040538745
730,0.0998040538745
731,0.0998040538745
732,0.0998040538745
733,0.0998040538745
734,0.0998040538745
735,0.0998040538745
736,0.0998040538745
737,0.0998040538745
738,0.0998040538745
739,0.0998040538745
740,0.0998040538745
741,0.0998040538745
742,0.0998040538745
743,0.0998040538745
744,0.0998040538745
745,0.0998040538745
746,0.0998040538745
747,0.0998040538745
748,0.0998040538745
749,0.0998040538745
750,0.0998040538745
751,0.0998040538745
752,0.0998040538745
753,0.0998040538745
754,0.0998040538745
755,0.0998040538745
756,0.0998040538745
757,0.0998040538745
758,0.0998040538745
759,0.0998040538745
760,0.0998040538745
761,0.0998040538745
762,0.0998040538745
763,0.0998040538745
764,0.0998040538745
765,0.0998040538745
766,0.0998040538745
767,0.0998040538745
768,0.0998040538745
769,0.0998040538745
770,0.0998040538745
771,0.0998040538745
772,0.0998040538745
773,0.0998040538745
774,0.0998040538745
775,0.0998040538745
776,0.0998040538745
777,0.0998040538745
778,0.0998040538745
779,0.0998040538745
780,0.0998040538745
781,0.0998040538745
782,0.0998040538745
783,0.0998040538745
784,0.0998040538745
785,0.0998040538745
786,0.0998040538745
787,0.0998040538745
788,0.0998040538745
789,0.0998040538745
790,0.0998040538745
791,0.0998040538745
792,0.0998040538745
793,0.0998040538745
794,0.0998040538745
795,0.0998040538745
796,0.0998040538745
797,0.0998040538745
798,0.0998040538745
799,0.0998040538745
800,0.0998040538745
801,0.0998040538745
802,0.0998040538745
803,0.0998040538745
804,0.0998040538745
805,0.0998040538745
806,0.0998040538745
807,0.0998040538745
808,0.0998040538745
809,0.0998040538745
810,0.0998040538745
811,0.0998040538745
812,0.0998040538745
813,0.0998040538745
814,0.0998040538745
815,0.0998040538745
816,0.0998040538745
817,0.0998040538745
818,0.0998040538745
819,0.0998040538745
820,0.0998040538745
821,0.0998040538745
822,0.0998040538745
823,0.0998040538745
824,0.0998040538745
825,0.0998040538745
826,0.0998040538745
827,0.0998040538745
828,0.0998040538745
829,0.101270164055
830,0.101270164055
831,0.101270164055
832,0.101270164055
833,0.101270164055
834,0.101270164055
835,0.101270164055
836,0.101270164055
837,0.101270164055
838,0.101270164055
839,0.101270164055
840,0.101270164055
841,0.101270164055
842,0.101270164055
843,0.101270164055
844,0.101270164055
845,0.101270164055
846,0.101270164055
847,0.101270164055
848,0.101270164055
849,0.101270164055
850,0.101270164055
851,0.101270164055
852,0.101270164055
853,0.101270164055
854,0.101270164055
855,0.10161905441
856,0.10161905441
857,0.10161905441
858,0.10161905441
859,0.10161905441
860,0.10161905441
861,0.10161905441
862,0.10161905441
863,0.10161905441
864,0.10161905441
865,0.10161905441
866,0.10161905441
867,0.10161905441
868,0.10161905441
869,0.10161905441
870,0.10161905441
871,0.10161905441
872,0.10161905441
873,0.10161905441
874,0.10161905441
875,0.10161905441
876,0.10161905441
877,0.10161905441
878,0.10161905441
879,0.10161905441
880,0.10161905441
881,0.10161905441
882,0.10161905441
883,0.10161905441
884,0.10161905441
885,0.10161905441
886,0.10161905441
887,0.10161905441
888,0.10161905441
889,0.10161905441
890,0.10161905441
891,0.105707638776
892,0.105707638776
893,0.105707638776
894,0.105707638776
895,0.105707638776
896,0.10619487556
897,0.10619487556
898,0.10619487556
899,0.10619487556
900,0.10619487556
901,0.10619487556
902,0.10619487556
903,0.10619487556
904,0.10619487556
905,0.10619487556
906,0.10619487556
907,0.10619487556
908,0.10619487556
909,0.10619487556
910,0.10619487556
911,0.10619487556
912,0.10619487556
913,0.10619487556
914,0.10619487556
915,0.10619487556
916,0.10619487556
917,0.10619487556
918,0.10619487556
919,0.10619487556
920,0.10619487556
921,0.10619487556
922,0.10619487556
923,0.10619487556
924,0.10619487556
925,0.10619487556
926,0.10619487556
927,0.10619487556
928,0.10619487556
929,0.10619487556
930,0.10619487556
931,0.10619487556
932,0.10619487556
933,0.10619487556
934,0.10619487556
935,0.10619487556
936,0.10619487556
937,0.10619487556
938,0.10619487556
939,0.10619487556
940,0.10619487556
941,0.10619487556
942,0.10619487556
943,0.106289554524
944,0.106289554524
945,0.106289554524
946,0.106289554524
947,0.106289554524
948,0.106289554524
949,0.106289554524
950,0.106289554524
951,0.106289554524
952,0.106289554524
953,0.106289554524
954,0.106289554524
955,0.106289554524
956,0.106289554524
957,0.106289554524
958,0.106289554524
959,0.106289554524
960,0.106289554524
961,0.106289554524
962,0.106289554524
963,0.106289554524
964,0.106289554524
965,0.106289554524
966,0.106289554524
967,0.106289554524
968,0.106289554524
969,0.106289554524
970,0.106289554524
971,0.107366421923
972,0.107366421923
973,0.107366421923
974,0.107366421923
975,0.107366421923
976,0.107366421923
977,0.107366421923
978,0.107366421923
979,0.107366421923
980,0.107366421923
981,0.107366421923
982,0.107366421923
983,0.107366421923
984,0.107366421923
985,0.107366421923
986,0.107366421923
987,0.107366421923
988,0.107366421923
989,0.107366421923
990,0.107366421923
991,0.107366421923
992,0.107607789359
993,0.107607789359
994,0.107607789359
995,0.107607789359
996,0.107607789359
997,0.107607789359
998,0.107607789359
999,0.107607789359
1000,0.107607789359
1001,0.107607789359
1002,0.107607789359
1003,0.107873740605
1004,0.107873740605
1005,0.107873740605
1006,0.107873740605
1007,0.107873740605
1008,0.107873740605
1009,0.107873740605
1010,0.107873740605
1011,0.107873740605
1012,0.11386418694
1013,0.11386418694
1014,0.11386418694
1015,0.11386418694
1016,0.11386418694
1017,0.11386418694
1018,0.11386418694
1019,0.11386418694
1020,0.11386418694
1021,0.11386418694
1022,0.11386418694
1023,0.11386418694
1024,0.11386418694
1025,0.11386418694
1026,0.11386418694
1027,0.11386418694
1028,0.11386418694
1029,0.11386418694
1030,0.11386418694
1031,0.11386418694
1032,0.11386418694
1033,0.11386418694
1034,0.11386418694
1035,0.11386418694
1036,0.11386418694
1037,0.11386418694
1038,0.11386418694
1039,0.11386418694
1040,0.11386418694
1041,0.11386418694
1042,0.11386418694
1043,0.11386418694
1044,0.11386418694
1045,0.11386418694
1046,0.11386418694
1047,0.11386418694
1048,0.11386418694
1049,0.11386418694
1050,0.11386418694
1051,0.11386418694
1052,0.11386418694
1053,0.11386418694
1054,0.11386418694
1055,0.11386418694
1056,0.11386418694
1057,0.11386418694
1058,0.11386418694
1059,0.11386418694
1060,0.11386418694
1061,0.11386418694
1062,0.11386418694
1063,0.11386418694
1064,0.11386418694
1065,0.11386418694
1066,0.11386418694
1067,0.11386418694
1068,0.11386418694
1069,0.11386418694
1070,0.11386418694
1071,0.11386418694
1072,0.11386418694
1073,0.11386418694
1074,0.11386418694
1075,0.11386418694
1076,0.11386418694
1077,0.11386418694
1078,0.11386418694
1079,0.11386418694
1080,0.11386418694
1081,0.11386418694
1082,0.11386418694
1083,0.11386418694
1084,0.11386418694
1085,0.11386418694
1086,0.11386418694
1087,0.11386418694
1088,0.11386418694
1089,0.11386418694
1090,0.11386418694
1091,0.11386418694
1092,0.11386418694
1093,0.11386418694
1094,0.11386418694
1095,0.11386418694
1096,0.11386418694
1097,0.11386418694
1098,0.11386418694
1099,0.11386418694
1100,0.11386418694
1101,0.11386418694
1102,0.11386418694
1103,0.11386418694
1104,0.11386418694
1105,0.11386418694
1106,0.11386418694
1107,0.11386418694
1108,0.11386418694
1109,0.11386418694
1110,0.11386418694
1111,0.11386418694
1112,0.11386418694
1113,0.11386418694
1114,0.11386418694
1115,0.11386418694
1116,0.11386418694
1117,0.11386418694
1118,0.11386418694
1119,0.11386418694
1120,0.11386418694
1121,0.11386418694
1122,0.11386418694
1123,0.11386418694
1124,0.11386418694
1125,0.11386418694
1126,0.11386418694
1127,0.11386418694
1128,0.11386418694
1129,0.11386418694
1130,0.11386418694
1131,0.11386418694
1132,0.11386418694
1133,0.11386418694
1134,0.11386418694
1135,0.11386418694
1136,0.11386418694
1137,0.11386418694
1138,0.11386418694
1139,0.11386418694
1140,0.11386418694
1141,0.11386418694
1142,0.11386418694
1143,0.11386418694
1144,0.11386418694
1145,0.11386418694
1146,0.11386418694
1147,0.11386418694
1148,0.11386418694
1149,0.11386418694
1150,0.11386418694
1151,0.11386418694
1152,0.11386418694
1153,0.11386418694
1154,0.11386418694
1155,0.11386418694
1156,0.11386418694
1157,0.11386418694
1158,0.11386418694
1159,0.11386418694
1160,0.11386418694
1161,0.11386418694
1162,0.11386418694
1163,0.11386418694
1164,0.11386418694
1165,0.11386418694
1166,0.11386418694
1167,0.11386418694
1168,0.11386418694
1169,0.11386418694
1170,0.11386418694
1171,0.11386418694
1172,0.11386418694
1173,0.11386418694
1174,0.11386418694
1175,0.11386418694
1176,0.11386418694
1177,0.11386418694
1178,0.11386418694
1179,0.11386418694
1180,0.11386418694
1181,0.11386418694
1182,0.11386418694
1183,0.11386418694
1184,0.11386418694
1185,0.11386418694
1186,0.11386418694
1187,0.11386418694
1188,0.11386418694
1189,0.11386418694
1190,0.11386418694
1191,0.11386418694
1192,0.11386418694
1193,0.11386418694
1194,0.11386418694
1195,0.11386418694
1196,0.11386418694
1197,0.11386418694
1198,0.11386418694
1199,0.11386418694
1200,0.11386418694
1201,0.11386418694
1202,0.11386418694
1203,0.11386418694
1204,0.11386418694
1205,0.11386418694
1206,0.11386418694
1207,0.11386418694
1208,0.11386418694
1209,0.11386418694
1210,0.11386418694
1211,0.11386418694
1212,0.11386418694
1213,0.11386418694
1214,0.11386418694
1215,0.11386418694
1216,0.11386418694
1217,0.11386418694
1218,0.11386418694
1219,0.11386418694
1220,0.11386418694
1221,0.11386418694
1222,0.11386418694
1223,0.11422961411
1224,0.11422961411
1225,0.11422961411
1226,0.11422961411
1227,0.11422961411
1228,0.11422961411
1229,0.11422961411
1230,0.11422961411
1231,0.11422961411
1232,0.11422961411
1233,0.11422961411
1234,0.11422961411
1235,0.11422961411
1236,0.11422961411
1237,0.11422961411
1238,0.11422961411
1239,0.11422961411
1240,0.11422961411
1241,0.11422961411
1242,0.11422961411
1243,0.11422961411
1244,0.11422961411
1245,0.11422961411
1246,0.11422961411
1247,0.11422961411
1248,0.11422961411
1249,0.11422961411
1250,0.11422961411
1251,0.11422961411
1252,0.11422961411
1253,0.11422961411
1254,0.11422961411
1255,0.11422961411
1256,0.11422961411
1257,0.11422961411
1258,0.11422961411
1259,0.11422961411
1260,0.11422961411
1261,0.11422961411
1262,0.11422961411
1263,0.11422961411
1264,0.11422961411
1265,0.11422961411
1266,0.11422961411
1267,0.11422961411
1268,0.11422961411
1269,0.11422961411
1270,0.11422961411
1271,0.11422961411
1272,0.11422961411
1273,0.11422961411
1274,0.11422961411
1275,0.11422961411
1276,0.11422961411
1277,0.11422961411
1278,0.11422961411
1279,0.11422961411
1280,0.11422961411
1281,0.11422961411
1282,0.11422961411
1283,0.11422961411
1284,0.11422961411
1285,0.11422961411
1286,0.114324150226
1287,0.114324150226
1288,0.114324150226
1289,0.114324150226
1290,0.114324150226
1291,0.114324150226
1292,0.114324150226
1293,0.114324150226
1294,0.114324150226
1295,0.114324150226
1296,0.114324150226
1297,0.114401593186
1298,0.114401593186
1299,0.114401593186
1300,0.114401593186
1301,0.114401593186
1302,0.114401593186
1303,0.114401593186
1304,0.114401593186
1305,0.114401593186
1306,0.114401593186
1307,0.114401593186
1308,0.114401593186
1309,0.114401593186
1310,0.114401593186
1311,0.114401593186
1312,0.114401593186
1313,0.114401593186
1314,0.114401593186
1315,0.114401593186
1316,0.114401593186
1317,0.114401593186
1318,0.114401593186
1319,0.114401593186
1320,0.114401593186
1321,0.114401593186
1322,0.114401593186
1323,0.114401593186
1324,0.114401593186
1325,0.114401593186
1326,0.114401593186
1327,0.114401593186
1328,0.114401593186
1329,0.114401593186
1330,0.114401593186
1331,0.114401593186
1332,0.114401593186
1333,0.114401593186
1334,0.114401593186
1335,0.114401593186
1336,0.114401593186
1337,0.114401593186
1338,0.114401593186
1339,0.114401593186
1340,0.114401593186
1341,0.114401593186
1342,0.114401593186
1343,0.114401593186
1344,0.114401593186
1345,0.114401593186
1346,0.114401593186
1347,0.114401593186
1348,0.114401593186
1349,0.114401593186
1350,0.114401593186
1351,0.114401593186
1352,0.114401593186
1353,0.114401593186
1354,0.114401593186
1355,0.114401593186
1356,0.114401593186
1357,0.114401593186
1358,0.114401593186
1359,0.114401593186
1360,0.114401593186
1361,0.114401593186
1362,0.114401593186
1363,0.114401593186
1364,0.114401593186
1365,0.114401593186
1366,0.116583704294
1367,0.116583704294
1368,0.116583704294
1369,0.116583704294
1370,0.116583704294
1371,0.116583704294
1372,0.116583704294
1373,0.116583704294
1374,0.116583704294
1375,0.116583704294
1376,0.116583704294
1377,0.116583704294
1378,0.116583704294
1379,0.116583704294
1380,0.116583704294
1381,0.116583704294
1382,0.116583704294
1383,0.116583704294
1384,0.116583704294
1385,0.116583704294
1386,0.116583704294
1387,0.116583704294
1388,0.116583704294
1389,0.118653593632
1390,0.118653593632
1391,0.118653593632
1392,0.118653593632
1393,0.118653593632
1394,0.118653593632
1395,0.118653593632
1396,0.118653593632
1397,0.118653593632
1398,0.118653593632
1399,0.118653593632
1400,0.118653593632
1401,0.118653593632
1402,0.118653593632
1403,0.118653593632
1404,0.118653593632
1405,0.118653593632
1406,0.118653593632
1407,0.118653593632
1408,0.118653593632
1409,0.119537606875
1410,0.119537606875
1411,0.119537606875
1412,0.119537606875
1413,0.119537606875
1414,0.119537606875
1415,0.119537606875
1416,0.119537606875
1417,0.119537606875
1418,0.119970502918
1419,0.119970502918
1420,0.119970502918
1421,0.119970502918
1422,0.119970502918
1423,0.119970502918
1424,0.119970502918
1425,0.119970502918
1426,0.119970502918
1427,0.119970502918
1428,0.119970502918
1429,0.119970502918
1430,0.119970502918
1431,0.11999620006
1432,0.11999620006
1433,0.11999620006
1434,0.120028892581
1435,0.120028892581
1436,0.120028892581
1437,0.120028892581
1438,0.120028892581
1439,0.120028892581
1440,0.120028892581
1441,0.120028892581
1442,0.120028892581
1443,0.120028892581
1444,0.120028892581
1445,0.120028892581
1446,0.120028892581
1447,0.120028892581
1448,0.120028892581
1449,0.120028892581
1450,0.120028892581
1451,0.120028892581
1452,0.120028892581
1453,0.120028892581
1454,0.120028892581
1455,0.120028892581
1456,0.120028892581
1457,0.120028892581
1458,0.120028892581
1459,0.120028892581
1460,0.120028892581
1461,0.120028892581
1462,0.120028892581
1463,0.120028892581
1464,0.120028892581
1465,0.120028892581
1466,0.120028892581
1467,0.120028892581
1468,0.120028892581
1469,0.120028892581
1470,0.120028892581
1471,0.120028892581
1472,0.120028892581
1473,0.120028892581
1474,0.120028892581
1475,0.120028892581
1476,0.120028892581
1477,0.120028892581
1478,0.120028892581
1479,0.120090182443
1480,0.120090182443
1481,0.120090182443
1482,0.120090182443
1483,0.120090182443
1484,0.120090182443
1485,0.120090182443
1486,0.120090182443
1487,0.120090182443
1488,0.120090182443
1489,0.120090182443
1490,0.120090182443
1491,0.120090182443
1492,0.120090182443
1493,0.120090182443
1494,0.120090182443
1495,0.120090182443
1496,0.120090182443
1497,0.120090182443
1498,0.120090182443
1499,0.120090182443
1500,0.120090182443
1501,0.120090182443
1502,0.120090182443
1503,0.120090182443
1504,0.120090182443
1505,0.120090182443
1506,0.120090182443
1507,0.120090182443
1508,0.120090182443
1509,0.120090182443
1510,0.120090182443
1511,0.120090182443
1512,0.120090182443
1513,0.120090182443
1514,0.120090182443
1515,0.120090182443
1516,0.120090182443
1517,0.120090182443
1518,0.120090182443
1519,0.120090182443
1520,0.120090182443
1521,0.120090182443
1522,0.120090182443
1523,0.120090182443
1524,0.120090182443
1525,0.120090182443
1526,0.120090182443
1527,0.120090182443
1528,0.120090182443
1529,0.120090182443
1530,0.120090182443
1531,0.120090182443
1532,0.120090182443
1533,0.120090182443
1534,0.120090182443
1535,0.120090182443
1536,0.120090182443
1537,0.120090182443
1538,0.120090182443
1539,0.120090182443
1540,0.120090182443
1541,0.120090182443
1542,0.120090182443
1543,0.120090182443
1544,0.120090182443
1545,0.120090182443
1546,0.120090182443
1547,0.120090182443
1548,0.120090182443
1549,0.120090182443
1550,0.120090182443
1551,0.120090182443
1552,0.120090182443
1553,0.120090182443
1554,0.120090182443
1555,0.120090182443
1556,0.120090182443
1557,0.120090182443
1558,0.120090182443
1559,0.120090182443
1560,0.120090182443
1561,0.120090182443
1562,0.120090182443
1563,0.120090182443
1564,0.120090182443
1565,0.120090182443
1566,0.120090182443
1567,0.120090182443
1568,0.120090182443
1569,0.120090182443
1570,0.120090182443
1571,0.120200572593
1572,0.120200572593
1573,0.120200572593
1574,0.120200572593
1575,0.120200572593
1576,0.120200572593
1577,0.120200572593
1578,0.120200572593
1579,0.120200572593
1580,0.120200572593
1581,0.120200572593
1582,0.120200572593
1583,0.120200572593
1584,0.120200572593
1585,0.120200572593
1586,0.120200572593
1587,0.120200572593
1588,0.120200572593
1589,0.120200572593
1590,0.120200572593
1591,0.120200572593
1592,0.120200572593
1593,0.120200572593
1594,0.120200572593
1595,0.120200572593
1596,0.120200572593
1597,0.120200572593
1598,0.120200572593
1599,0.120200572593
1600,0.120200572593
1601,0.120200572593
1602,0.120200572593
1603,0.120200572593
1604,0.120200572593
1605,0.120200572593
1606,0.120200572593
1607,0.120200572593
1608,0.120200572593
1609,0.120200572593
1610,0.120200572593
1611,0.120200572593
1612,0.120200572593
1613,0.120200572593
1614,0.120200572593
1615,0.120200572593
1616,0.120200572593
1617,0.120200572593
1618,0.120200572593
1619,0.120200572593
1620,0.120200572593
1621,0.120200572593
1622,0.120200572593
1623,0.120200572593
1624,0.120200572593
1625,0.120200572593
1626,0.120200572593
1627,0.120200572593
1628,0.120200572593
1629,0.120200572593
1630,0.120200572593
1631,0.120200572593
1632,0.120200572593
1633,0.120200572593
1634,0.120200572593
1635,0.120200572593
1636,0.120200572593
1637,0.120200572593
1638,0.120200572593
1639,0.120200572593
1640,0.120200572593
1641,0.120200572593
1642,0.120200572593
1643,0.120200572593
1644,0.120200572593
1645,0.120200572593
1646,0.120200572593
1647,0.120200572593
1648,0.120200572593
1649,0.120200572593
1650,0.120200572593
1651,0.120200572593
1652,0.120200572593
1653,0.120200572593
1654,0.120200572593
1655,0.120200572593
1656,0.120200572593
1657,0.120200572593
1658,0.120200572593
1659,0.120200572593
1660,0.120200572593
1661,0.120200572593
1662,0.120875105564
1663,0.120875105564
1664,0.120875105564
1665,0.120875105564
1666,0.120875105564
1667,0.120875105564
1668,0.120875105564
1669,0.120875105564
1670,0.120875105564
1671,0.120875105564
1672,0.120875105564
1673,0.120875105564
1674,0.120875105564
1675,0.120875105564
1676,0.120875105564
1677,0.120875105564
1678,0.120875105564
1679,0.120875105564
1680,0.120875105564
1681,0.120875105564
1682,0.120875105564
1683,0.120875105564
1684,0.120875105564
1685,0.120875105564
1686,0.120875105564
1687,0.120875105564
1688,0.120875105564
1689,0.120875105564
1690,0.120875105564
1691,0.120875105564
1692,0.120875105564
1693,0.120875105564
1694,0.120875105564
1695,0.120875105564
1696,0.120875105564
1697,0.120875105564
1698,0.120875105564
1699,0.120875105564
1700,0.120875105564
1701,0.120875105564
1702,0.120875105564
1703,0.120875105564
1704,0.120875105564
1705,0.120875105564
1706,0.120875105564
1707,0.120875105564
1708,0.120875105564
1709,0.120875105564
1710,0.120875105564
1711,0.120875105564
1712,0.120875105564
1713,0.120875105564
1714,0.120875105564
1715,0.120875105564
1716,0.120875105564
1717,0.120875105564
1718,0.120875105564
1719,0.120875105564
1720,0.120875105564
1721,0.120875105564
1722,0.120875105564
1723,0.120875105564
1724,0.120875105564
1725,0.120875105564
1726,0.120875105564
1727,0.120875105564
1728,0.120875105564
1729,0.120875105564
1730,0.120875105564
1731,0.120875105564
1732,0.120875105564
1733,0.120875105564
1734,0.120875105564
1735,0.120875105564
1736,0.120875105564
1737,0.120875105564
1738,0.120875105564
1739,0.120875105564
1740,0.120875105564
1741,0.120875105564
1742,0.120875105564
1743,0.120875105564
1744,0.120875105564
1745,0.120875105564
1746,0.120875105564
1747,0.120875105564
1748,0.120875105564
1749,0.120875105564
1750,0.120875105564
1751,0.120875105564
1752,0.120875105564
1753,0.120875105564
1754,0.120875105564
1755,0.120875105564
1756,0.120875105564
1757,0.120875105564
1758,0.120875105564
1759,0.120875105564
1760,0.120875105564
1761,0.120875105564
1762,0.120875105564
1763,0.120875105564
1764,0.120875105564
1765,0.120875105564
1766,0.120875105564
1767,0.120875105564
1768,0.120875105564
1769,0.120875105564
1770,0.120875105564
1771,0.120875105564
1772,0.120875105564
1773,0.120875105564
1774,0.120875105564
1775,0.120875105564
1776,0.120875105564
1777,0.120875105564
1778,0.120875105564
1779,0.120875105564
1780,0.120875105564
1781,0.120875105564
1782,0.120875105564
1783,0.120875105564
1784,0.120875105564
1785,0.120875105564
1786,0.120875105564
1787,0.120875105564
1788,0.120875105564
1789,0.120875105564
1790,0.120875105564
1791,0.120875105564
1792,0.120875105564
1793,0.120875105564
1794,0.120875105564
1795,0.120875105564
1796,0.120875105564
1797,0.120875105564
1798,0.120875105564
1799,0.120875105564
1800,0.120875105564
1801,0.120875105564
1802,0.120875105564
1803,0.120875105564
1804,0.120875105564
1805,0.120875105564
1806,0.120875105564
1807,0.120875105564
1808,0.120875105564
1809,0.120875105564
1810,0.120875105564
1811,0.120875105564
1812,0.120875105564
1813,0.120875105564
1814,0.120875105564
1815,0.120875105564
1816,0.120875105564
1817,0.120875105564
1818,0.120875105564
1819,0.120875105564
1820,0.120875105564
1821,0.120875105564
1822,0.120875105564
1823,0.120875105564
1824,0.120875105564
1825,0.120875105564
1826,0.120875105564
1827,0.120875105564
1828,0.120875105564
1829,0.120875105564
1830,0.120875105564
1831,0.120875105564
1832,0.120875105564
1833,0.120875105564
1834,0.120875105564
1835,0.120875105564
1836,0.120875105564
1837,0.120875105564
1838,0.120875105564
1839,0.120875105564
1840,0.120875105564
1841,0.120875105564
1842,0.120875105564
1843,0.120875105564
1844,0.120875105564
1845,0.120875105564
1846,0.120875105564
1847,0.120875105564
1848,0.120875105564
1849,0.120875105564
1850,0.120875105564
1851,0.120875105564
1852,0.120875105564
1853,0.120875105564
1854,0.120875105564
1855,0.120875105564
1856,0.120875105564
1857,0.120875105564
1858,0.120875105564
1859,0.120875105564
1860,0.120875105564
1861,0.120875105564
1862,0.120875105564
1863,0.120875105564
1864,0.120875105564
1865,0.120875105564
1866,0.120875105564
1867,0.120875105564
1868,0.120875105564
1869,0.120875105564
1870,0.120875105564
1871,0.120875105564
1872,0.120875105564
1873,0.120875105564
1874,0.120875105564
1875,0.120875105564
1876,0.120875105564
1877,0.120875105564
1878,0.120875105564
1879,0.120875105564
1880,0.120875105564
1881,0.120875105564
1882,0.120875105564
1883,0.120875105564
1884,0.120875105564
1885,0.120875105564
1886,0.120875105564
1887,0.120875105564
1888,0.120875105564
1889,0.120875105564
1890,0.120875105564
1891,0.120875105564
1892,0.120875105564
1893,0.120875105564
1894,0.120875105564
1895,0.120875105564
1896,0.120875105564
1897,0.120875105564
1898,0.120875105564
1899,0.120875105564
1900,0.120875105564
1901,0.120875105564
1902,0.120875105564
1903,0.120875105564
1904,0.120875105564
1905,0.120875105564
1906,0.120875105564
1907,0.120875105564
1908,0.120875105564
1909,0.120875105564
1910,0.120875105564
1911,0.120875105564
1912,0.120875105564
1913,0.120875105564
1914,0.120875105564
1915,0.120875105564
1916,0.120875105564
1917,0.120875105564
1918,0.120875105564
1919,0.120875105564
1920,0.120875105564
1921,0.120875105564
1922,0.120875105564
1923,0.120875105564
1924,0.120875105564
1925,0.120875105564
1926,0.120875105564
1927,0.120875105564
1928,0.120875105564
1929,0.120875105564
1930,0.120875105564
1931,0.120875105564
1932,0.120875105564
1933,0.120875105564
1934,0.120875105564
1935,0.120875105564
1936,0.120875105564
1937,0.120875105564
1938,0.120875105564
1939,0.120875105564
1940,0.120875105564
1941,0.120875105564
1942,0.120875105564
1943,0.120875105564
1944,0.120875105564
1945,0.120875105564
1946,0.120875105564
1947,0.120875105564
1948,0.120875105564
1949,0.120875105564
1950,0.120875105564
1951,0.120875105564
1952,0.120875105564
1953,0.120875105564
1954,0.120875105564
1955,0.120875105564
1956,0.120875105564
1957,0.120875105564
1958,0.120875105564
1959,0.120875105564
1960,0.120875105564
1961,0.120875105564
1962,0.120875105564
1963,0.120875105564
1964,0.120875105564
1965,0.120875105564
1966,0.120875105564
1967,0.120875105564
1968,0.120875105564
1969,0.120875105564
1970,0.120875105564
1971,0.120875105564
1972,0.120875105564
1973,0.120875105564
1974,0.120875105564
1975,0.120875105564
1976,0.120875105564
1977,0.120875105564
1978,0.120875105564
1979,0.120875105564
1980,0.120875105564
1981,0.120875105564
1982,0.120875105564
1983,0.120875105564
1984,0.120875105564
1985,0.120875105564
1986,0.120875105564
1987,0.120875105564
1988,0.120875105564
1989,0.120875105564
1990,0.120875105564
1991,0.120875105564
1992,0.120875105564
1993,0.120875105564
1994,0.120875105564
1995,0.120875105564
1996,0.120875105564
1997,0.120875105564
1998,0.120875105564
1999,0.120875105564
2000,0.120875105564
2001,0.120875105564
2002,0.120875105564
2003,0.120875105564
2004,0.120875105564
2005,0.120875105564
2006,0.120875105564
2007,0.120875105564
2008,0.120875105564
2009,0.120875105564
2010,0.120875105564
2011,0.120875105564
2012,0.120875105564
2013,0.120875105564
2014,0.12177074224
2015,0.12177074224
2016,0.12177074224
2017,0.12177074224
2018,0.12177074224
2019,0.12177074224
2020,0.12177074224
2021,0.12177074224
2022,0.12177074224
2023,0.12177074224
2024,0.12177074224
2025,0.12177074224
2026,0.12177074224
2027,0.12177074224
2028,0.12177074224
2029,0.12177074224
2030,0.12177074224
2031,0.12177074224
2032,0.12177074224
2033,0.12177074224
2034,0.12177074224
2035,0.12177074224
2036,0.12177074224
2037,0.12177074224
2038,0.12177074224
2039,0.12177074224
2040,0.12177074224
2041,0.12177074224
2042,0.12177074224
2043,0.12177074224
2044,0.12177074224
2045,0.12177074224
2046,0.12177074224
2047,0.12177074224
2048,0.12177074224
2049,0.12177074224
2050,0.12177074224
2051,0.12177074224
2052,0.12177074224
2053,0.12177074224
2054,0.12177074224
2055,0.12177074224
2056,0.12177074224
2057,0.12177074224
2058,0.12177074224
2059,0.12177074224
2060,0.12177074224
2061,0.12177074224
2062,0.12177074224
2063,0.12177074224
2064,0.12177074224
2065,0.12177074224
2066,0.12177074224
2067,0.12177074224
2068,0.12177074224
2069,0.12177074224
2070,0.12177074224
2071,0.12177074224
2072,0.12177074224
2073,0.12177074224
2074,0.12177074224
2075,0.12177074224
2076,0.12177074224
2077,0.12177074224
2078,0.12177074224
2079,0.12177074224
2080,0.12177074224
2081,0.12177074224
2082,0.12177074224
2083,0.12177074224
2084,0.12177074224
2085,0.12177074224
2086,0.12177074224
2087,0.12177074224
2088,0.12177074224
2089,0.12177074224
2090,0.12177074224
2091,0.12177074224
2092,0.12177074224
2093,0.12177074224
2094,0.12177074224
2095,0.12177074224
2096,0.12177074224
2097,0.12177074224
2098,0.12177074224
2099,0.12177074224
2100,0.12177074224
2101,0.12177074224
2102,0.12177074224
2103,0.12177074224
2104,0.12177074224
2105,0.12177074224
2106,0.12177074224
2107,0.12177074224
2108,0.12177074224
2109,0.12177074224
2110,0.12177074224
2111,0.12177074224
2112,0.12177074224
2113,0.12177074224
2114,0.12177074224
2115,0.12177074224
2116,0.12177074224
2117,0.12177074224
2118,0.12177074224
2119,0.12177074224
2120,0.12177074224
2121,0.12177074224
2122,0.12177074224
2123,0.12177074224
2124,0.12177074224
2125,0.12177074224
2126,0.12177074224
2127,0.12177074224
2128,0.12177074224
2129,0.12177074224
2130,0.121805714499
2131,0.121805714499
2132,0.121805714499
2133,0.121805714499
2134,0.121805714499
2135,0.121805714499
2136,0.121805714499
2137,0.121805714499
2138,0.121805714499
2139,0.121805714499
2140,0.121805714499
2141,0.121805714499
2142,0.121805714499
2143,0.121805714499
2144,0.121805714499
2145,0.121805714499
2146,0.121805714499
2147,0.121805714499
2148,0.121805714499
2149,0.121805714499
2150,0.121805714499
2151,0.121805714499
2152,0.121805714499
2153,0.121805714499
2154,0.121805714499
2155,0.121805714499
2156,0.121805714499
2157,0.121805714499
2158,0.121805714499
2159,0.121805714499
2160,0.121805714499
2161,0.121805714499
2162,0.121805714499
2163,0.121805714499
2164,0.121805714499
2165,0.121805714499
2166,0.121805714499
2167,0.121805714499
2168,0.121805714499
2169,0.121805714499
2170,0.121805714499
2171,0.121805714499
2172,0.121805714499
2173,0.121805714499
2174,0.121805714499
2175,0.121805714499
2176,0.121805714499
2177,0.121805714499
2178,0.121805714499
2179,0.121805714499
2180,0.121805714499
2181,0.121805714499
2182,0.121805714499
2183,0.121805714499
2184,0.121805714499
2185,0.121805714499
2186,0.121805714499
2187,0.121805714499
2188,0.121805714499
2189,0.121805714499
2190,0.121805714499
2191,0.121805714499
2192,0.121805714499
2193,0.121805714499
2194,0.121805714499
2195,0.121805714499
2196,0.121805714499
2197,0.121805714499
2198,0.121805714499
2199,0.121805714499
2200,0.121805714499
2201,0.121805714499
2202,0.121805714499
2203,0.121805714499
2204,0.121805714499
2205,0.121805714499
2206,0.121805714499
2207,0.121805714499
2208,0.121805714499
2209,0.121805714499
2210,0.121805714499
2211,0.121805714499
2212,0.121805714499
2213,0.121805714499
2214,0.121805714499
2215,0.121805714499
2216,0.121805714499
2217,0.121805714499
2218,0.121805714499
2219,0.121805714499
2220,0.121805714499
2221,0.121805714499
2222,0.121805714499
2223,0.121805714499
2224,0.121805714499
2225,0.121805714499
2226,0.121805714499
2227,0.121805714499
2228,0.121805714499
2229,0.121805714499
2230,0.121805714499
2231,0.121805714499
2232,0.121805714499
2233,0.121805714499
2234,0.121805714499
2235,0.121805714499
2236,0.121805714499
2237,0.121805714499
2238,0.121805714499
2239,0.121805714499
2240,0.121805714499
2241,0.121805714499
2242,0.121805714499
2243,0.121805714499
2244,0.121805714499
2245,0.121805714499
2246,0.121805714499
2247,0.121805714499
2248,0.121805714499
2249,0.121805714499
2250,0.121805714499
2251,0.121805714499
2252,0.121805714499
2253,0.121805714499
2254,0.121805714499
2255,0.121805714499
2256,0.121805714499
2257,0.121805714499
2258,0.121805714499
2259,0.121805714499
2260,0.121805714499
2261,0.121805714499
2262,0.121805714499
2263,0.121805714499
2264,0.121805714499
2265,0.121805714499
2266,0.121805714499
2267,0.121805714499
2268,0.121805714499
2269,0.121805714499
2270,0.121805714499
2271,0.121805714499
2272,0.121805714499
2273,0.121805714499
2274,0.121805714499
2275,0.121805714499
2276,0.121805714499
2277,0.121805714499
2278,0.122124548401
2279,0.122124548401
2280,0.122124548401
2281,0.122124548401
2282,0.122124548401
2283,0.122124548401
2284,0.122124548401
2285,0.122124548401
2286,0.122124548401
2287,0.122124548401
2288,0.122124548401
2289,0.122124548401
2290,0.122124548401
2291,0.122124548401
2292,0.122124548401
2293,0.122124548401
2294,0.122124548401
2295,0.122124548401
2296,0.122124548401
2297,0.122124548401
2298,0.122124548401
2299,0.122124548401
2300,0.122124548401
2301,0.122124548401
2302,0.122124548401
2303,0.122124548401
2304,0.122124548401
2305,0.122124548401
2306,0.122124548401
2307,0.122124548401
2308,0.122124548401
2309,0.122124548401
2310,0.122124548401
2311,0.122124548401
2312,0.122124548401
2313,0.122124548401
2314,0.122124548401
2315,0.122124548401
2316,0.122124548401
2317,0.122124548401
2318,0.122124548401
2319,0.122124548401
2320,0.122124548401
2321,0.122124548401
2322,0.122124548401
2323,0.122124548401
2324,0.122124548401
2325,0.122124548401
2326,0.122124548401
2327,0.122124548401
2328,0.122124548401
2329,0.122124548401
2330,0.122124548401
2331,0.122124548401
2332,0.122124548401
2333,0.122124548401
2334,0.122124548401
2335,0.122124548401
2336,0.122124548401
2337,0.122124548401
2338,0.122124548401
2339,0.122124548401
2340,0.122124548401
2341,0.122124548401
2342,0.122124548401
2343,0.122124548401
2344,0.122124548401
2345,0.122124548401
2346,0.122124548401
2347,0.122124548401
2348,0.122124548401
2349,0.122124548401
2350,0.122124548401
2351,0.122124548401
2352,0.122124548401
2353,0.122124548401
2354,0.122124548401
2355,0.122124548401
2356,0.122124548401
2357,0.122124548401
2358,0.122124548401
2359,0.122124548401
2360,0.122124548401
2361,0.122124548401
2362,0.122124548401
2363,0.122124548401
2364,0.122124548401
2365,0.122124548401
2366,0.122124548401
2367,0.122124548401
2368,0.122124548401
2369,0.122124548401
2370,0.122124548401
2371,0.122124548401
2372,0.122124548401
2373,0.122124548401
2374,0.122124548401
2375,0.122124548401
2376,0.122124548401
2377,0.122124548401
2378,0.122124548401
2379,0.122124548401
2380,0.122124548401
2381,0.122124548401
2382,0.122124548401
2383,0.122124548401
2384,0.122124548401
2385,0.122124548401
2386,0.122124548401
2387,0.122124548401
2388,0.122124548401
2389,0.122124548401
2390,0.122124548401
2391,0.122124548401
2392,0.122124548401
2393,0.122124548401
2394,0.122124548401
2395,0.122124548401
2396,0.122124548401
2397,0.122124548401
2398,0.122124548401
2399,0.122124548401
2400,0.122124548401
2401,0.122124548401
2402,0.122124548401
2403,0.122124548401
2404,0.122124548401
2405,0.122124548401
2406,0.122124548401
2407,0.122124548401
2408,0.122124548401
2409,0.122124548401
2410,0.122124548401
2411,0.122124548401
2412,0.122124548401
2413,0.122124548401
2414,0.122124548401
2415,0.122124548401
2416,0.122124548401
2417,0.122124548401
2418,0.122124548401
2419,0.122124548401
2420,0.122124548401
2421,0.122124548401
2422,0.122124548401
2423,0.122124548401
2424,0.122124548401
2425,0.122124548401
2426,0.122124548401
2427,0.122124548401
2428,0.122124548401
2429,0.122124548401
2430,0.122124548401
2431,0.122124548401
2432,0.122124548401
2433,0.122124548401
2434,0.122124548401
2435,0.122124548401
2436,0.122124548401
2437,0.122124548401
2438,0.122124548401
2439,0.122124548401
2440,0.122124548401
2441,0.122124548401
2442,0.122124548401
2443,0.122124548401
2444,0.122124548401
2445,0.122124548401
2446,0.122124548401
2447,0.122124548401
2448,0.122124548401
2449,0.122124548401
2450,0.122124548401
2451,0.122124548401
2452,0.122124548401
2453,0.122124548401
2454,0.122124548401
2455,0.122124548401
2456,0.122124548401
2457,0.122124548401
2458,0.122124548401
2459,0.122124548401
2460,0.122124548401
2461,0.122124548401
2462,0.122124548401
2463,0.122124548401
2464,0.122124548401
2465,0.122124548401
2466,0.122124548401
2467,0.122124548401
2468,0.122124548401
2469,0.122124548401
2470,0.122124548401
2471,0.122124548401
2472,0.122124548401
2473,0.122124548401
2474,0.122124548401
2475,0.122124548401
2476,0.122124548401
2477,0.122124548401
2478,0.122124548401
2479,0.122124548401
2480,0.122124548401
2481,0.122124548401
2482,0.122124548401
2483,0.122124548401
2484,0.122124548401
2485,0.122124548401
2486,0.122124548401
2487,0.122124548401
2488,0.122124548401
2489,0.122124548401
2490,0.122124548401
2491,0.122124548401
2492,0.122124548401
2493,0.122124548401
2494,0.122124548401
2495,0.122124548401
2496,0.122124548401
2497,0.122124548401
2498,0.122124548401
2499,0.122124548401
2500,0.122124548401
2501,0.122124548401
2502,0.122124548401
2503,0.122124548401
2504,0.122124548401
2505,0.122192926497
2506,0.122192926497
2507,0.122192926497
2508,0.122192926497
2509,0.122192926497
2510,0.122192926497
2511,0.122192926497
2512,0.122192926497
2513,0.122192926497
2514,0.122192926497
2515,0.122192926497
2516,0.122192926497
2517,0.122192926497
2518,0.122192926497
2519,0.122192926497
2520,0.122192926497
2521,0.122192926497
2522,0.122192926497
2523,0.122192926497
2524,0.122192926497
2525,0.122192926497
2526,0.122192926497
2527,0.122192926497
2528,0.122192926497
2529,0.122192926497
2530,0.122192926497
2531,0.122192926497
2532,0.122192926497
2533,0.122192926497
2534,0.122192926497
2535,0.122192926497
2536,0.122192926497
2537,0.122192926497
2538,0.122192926497
2539,0.122192926497
2540,0.122192926497
2541,0.122192926497
2542,0.122192926497
2543,0.122192926497
2544,0.122192926497
2545,0.122192926497
2546,0.122192926497
2547,0.122192926497
2548,0.122192926497
2549,0.122192926497
2550,0.122192926497
2551,0.122192926497
2552,0.122192926497
2553,0.122192926497
2554,0.122192926497
2555,0.122192926497
2556,0.122192926497
2557,0.122192926497
2558,0.122192926497
2559,0.122192926497
2560,0.122192926497
2561,0.122192926497
2562,0.122192926497
2563,0.122192926497
2564,0.122192926497
2565,0.122192926497
2566,0.122192926497
2567,0.122192926497
2568,0.122192926497
2569,0.122192926497
2570,0.122192926497
2571,0.122192926497
2572,0.122192926497
2573,0.122192926497
2574,0.122192926497
2575,0.122192926497
2576,0.122192926497
2577,0.122192926497
2578,0.122192926497
2579,0.122192926497
2580,0.122192926497
2581,0.122192926497
2582,0.122192926497
2583,0.122192926497
2584,0.122192926497
2585,0.122192926497
2586,0.122192926497
2587,0.122192926497
2588,0.122192926497
2589,0.122192926497
2590,0.122192926497
2591,0.122192926497
2592,0.122192926497
2593,0.122192926497
2594,0.122192926497
2595,0.122192926497
2596,0.122192926497
2597,0.122192926497
2598,0.122192926497
2599,0.122192926497
2600,0.122192926497
2601,0.122192926497
2602,0.122192926497
2603,0.122192926497
2604,0.122192926497
2605,0.122192926497
2606,0.122192926497
2607,0.122192926497
2608,0.122192926497
2609,0.122192926497
2610,0.122192926497
2611,0.122192926497
2612,0.122192926497
2613,0.122192926497
2614,0.122192926497
2615,0.122192926497
2616,0.122192926497
2617,0.122192926497
2618,0.122192926497
2619,0.122192926497
2620,0.122192926497
2621,0.122192926497
2622,0.122192926497
2623,0.122192926497
2624,0.122192926497
2625,0.122192926497
2626,0.122192926497
2627,0.122192926497
2628,0.122192926497
2629,0.122192926497
2630,0.122192926497
2631,0.122192926497
2632,0.122192926497
2633,0.122192926497
2634,0.122192926497
2635,0.122192926497
2636,0.122192926497
2637,0.122192926497
2638,0.122192926497
2639,0.122192926497
2640,0.122192926497
2641,0.122192926497
2642,0.122192926497
2643,0.122192926497
2644,0.122192926497
2645,0.122192926497
2646,0.122192926497
2647,0.122192926497
2648,0.122192926497
2649,0.122192926497
2650,0.122192926497
2651,0.122192926497
2652,0.122192926497
2653,0.122192926497
2654,0.122192926497
2655,0.122192926497
2656,0.122192926497
2657,0.122192926497
2658,0.122192926497
2659,0.122192926497
2660,0.122192926497
2661,0.122192926497
2662,0.122192926497
2663,0.122192926497
2664,0.122192926497
2665,0.122192926497
2666,0.122192926497
2667,0.122192926497
2668,0.122192926497
2669,0.122192926497
2670,0.122192926497
2671,0.122192926497
2672,0.122192926497
2673,0.122192926497
2674,0.122192926497
2675,0.122192926497
2676,0.122192926497
2677,0.122192926497
2678,0.122192926497
2679,0.122192926497
2680,0.122192926497
2681,0.122192926497
2682,0.122192926497
2683,0.122192926497
2684,0.122192926497
2685,0.122192926497
2686,0.122192926497
2687,0.122192926497
2688,0.122192926497
2689,0.122192926497
2690,0.122192926497
2691,0.122192926497
2692,0.122192926497
2693,0.122192926497
2694,0.122192926497
2695,0.122192926497
2696,0.122192926497
2697,0.122192926497
2698,0.122192926497
2699,0.122192926497
2700,0.122192926497
2701,0.122192926497
2702,0.122192926497
2703,0.122192926497
2704,0.122192926497
2705,0.122192926497
2706,0.122192926497
2707,0.122192926497
2708,0.122192926497
2709,0.122192926497
2710,0.122192926497
2711,0.122192926497
2712,0.122192926497
2713,0.122192926497
2714,0.122192926497
2715,0.122192926497
2716,0.122192926497
2717,0.122192926497
2718,0.122192926497
2719,0.122192926497
2720,0.122192926497
2721,0.122192926497
2722,0.122192926497
2723,0.122192926497
2724,0.122192926497
2725,0.122192926497
2726,0.122192926497
2727,0.122192926497
2728,0.122192926497
2729,0.122192926497
2730,0.122192926497
2731,0.122192926497
2732,0.122192926497
2733,0.122192926497
2734,0.122192926497
2735,0.122192926497
2736,0.122192926497
2737,0.122192926497
2738,0.122192926497
2739,0.122192926497
2740,0.122192926497
2741,0.122192926497
2742,0.122192926497
2743,0.122192926497
2744,0.122192926497
2745,0.122192926497
2746,0.122192926497
2747,0.122192926497
2748,0.122192926497
2749,0.122192926497
2750,0.122192926497
2751,0.122192926497
2752,0.122192926497
2753,0.122192926497
2754,0.122192926497
2755,0.122192926497
2756,0.122192926497
2757,0.122192926497
2758,0.122192926497
2759,0.122192926497
2760,0.122192926497
2761,0.122192926497
2762,0.122192926497
2763,0.122192926497
2764,0.122192926497
2765,0.122192926497
2766,0.122192926497
2767,0.122192926497
2768,0.122192926497
2769,0.122192926497
2770,0.122192926497
2771,0.122192926497
2772,0.122192926497
2773,0.122192926497
2774,0.122192926497
2775,0.122192926497
2776,0.122192926497
2777,0.122192926497
2778,0.122192926497
2779,0.122192926497
2780,0.122192926497
2781,0.122192926497
2782,0.122192926497
2783,0.122192926497
2784,0.122192926497
2785,0.122192926497
2786,0.122192926497
2787,0.122192926497
2788,0.122192926497
2789,0.122192926497
2790,0.122192926497
2791,0.122192926497
2792,0.122192926497
2793,0.122192926497
2794,0.122192926497
2795,0.122192926497
2796,0.122192926497
2797,0.122192926497
2798,0.122192926497
2799,0.122192926497
2800,0.122192926497
2801,0.122192926497
2802,0.122192926497
2803,0.122192926497
2804,0.122192926497
2805,0.122192926497
2806,0.122192926497
2807,0.122192926497
2808,0.122192926497
2809,0.122192926497
2810,0.122192926497
2811,0.122192926497
2812,0.122192926497
2813,0.122192926497
2814,0.122192926497
2815,0.122192926497
2816,0.122192926497
2817,0.122192926497
2818,0.122192926497
2819,0.122192926497
2820,0.122192926497
2821,0.122192926497
2822,0.122192926497
2823,0.122192926497
2824,0.122192926497
2825,0.122192926497
2826,0.122192926497
2827,0.122192926497
2828,0.122192926497
2829,0.122192926497
2830,0.122192926497
2831,0.122192926497
2832,0.122192926497
2833,0.122192926497
2834,0.122192926497
2835,0.122192926497
2836,0.122192926497
2837,0.122192926497
2838,0.122192926497
2839,0.122192926497
2840,0.122192926497
2841,0.122192926497
2842,0.122192926497
2843,0.122192926497
2844,0.122192926497
2845,0.122192926497
2846,0.122192926497
2847,0.122192926497
2848,0.122192926497
2849,0.122192926497
2850,0.122192926497
2851,0.122192926497
2852,0.122192926497
2853,0.122192926497
2854,0.122192926497
2855,0.122192926497
2856,0.122192926497
2857,0.122192926497
2858,0.122192926497
2859,0.122192926497
2860,0.122192926497
2861,0.122192926497
2862,0.122192926497
2863,0.122192926497
2864,0.122192926497
2865,0.122192926497
2866,0.122192926497
2867,0.122192926497
2868,0.122192926497
2869,0.122192926497
2870,0.122192926497
2871,0.122192926497
2872,0.122192926497
2873,0.122192926497
2874,0.122192926497
2875,0.122192926497
2876,0.122192926497
2877,0.122192926497
2878,0.122192926497
2879,0.122192926497
2880,0.122192926497
2881,0.122192926497
2882,0.122192926497
2883,0.122192926497
2884,0.122192926497
2885,0.122192926497
2886,0.122192926497
2887,0.122192926497
2888,0.122192926497
2889,0.122192926497
2890,0.122192926497
2891,0.122192926497
2892,0.122192926497
2893,0.122192926497
2894,0.122192926497
2895,0.122192926497
2896,0.122192926497
2897,0.122192926497
2898,0.122192926497
2899,0.122192926497
2900,0.122192926497
2901,0.122192926497
2902,0.122192926497
2903,0.122192926497
2904,0.122192926497
2905,0.122192926497
2906,0.122192926497
2907,0.122192926497
2908,0.122192926497
2909,0.122192926497
2910,0.122192926497
2911,0.122192926497
2912,0.122192926497
2913,0.122192926497
2914,0.122192926497
2915,0.122192926497
2916,0.122192926497
2917,0.122192926497
2918,0.122192926497
2919,0.122192926497
2920,0.122192926497
2921,0.122192926497
2922,0.122192926497
2923,0.122192926497
2924,0.122192926497
2925,0.122192926497
2926,0.122192926497
2927,0.122192926497
2928,0.122192926497
2929,0.122192926497
2930,0.122192926497
2931,0.122192926497
2932,0.122192926497
2933,0.122192926497
2934,0.122192926497
2935,0.122192926497
2936,0.122192926497
2937,0.122192926497
2938,0.122192926497
2939,0.122192926497
2940,0.122192926497
2941,0.122192926497
2942,0.122192926497
2943,0.122192926497
2944,0.122192926497
2945,0.122192926497
2946,0.122192926497
2947,0.122192926497
2948,0.122192926497
2949,0.122192926497
2950,0.122192926497
2951,0.122192926497
2952,0.122192926497
2953,0.122192926497
2954,0.122192926497
2955,0.122192926497
2956,0.122192926497
2957,0.122192926497
2958,0.122192926497
2959,0.122192926497
2960,0.122192926497
2961,0.122192926497
2962,0.122192926497
2963,0.122192926497
2964,0.122192926497
2965,0.122192926497
2966,0.122192926497
2967,0.122192926497
2968,0.122192926497
2969,0.122192926497
2970,0.122192926497
2971,0.122192926497
2972,0.122192926497
2973,0.122192926497
2974,0.122192926497
2975,0.122192926497
2976,0.122192926497
2977,0.122192926497
2978,0.122192926497
2979,0.122192926497
2980,0.122192926497
2981,0.122192926497
2982,0.122192926497
2983,0.122192926497
2984,0.122192926497
2985,0.122192926497
2986,0.122192926497
2987,0.122192926497
2988,0.122192926497
2989,0.122192926497
2990,0.122192926497
2991,0.122192926497
2992,0.122192926497
2993,0.122192926497
2994,0.122192926497
2995,0.122192926497
2996,0.122192926497
2997,0.122192926497
2998,0.122192926497
2999,0.122192926497
3000,0.122192926497
3001,0.122192926497
3002,0.122192926497
3003,0.122192926497
3004,0.122192926497
3005,0.122192926497
3006,0.122192926497
3007,0.122192926497
3008,0.122192926497
3009,0.122192926497
3010,0.122192926497
3011,0.122192926497
3012,0.122192926497
3013,0.122192926497
3014,0.122192926497
3015,0.122192926497
3016,0.122192926497
3017,0.122192926497
3018,0.122192926497
3019,0.122192926497
3020,0.122192926497
3021,0.122192926497
3022,0.122192926497
3023,0.122192926497
3024,0.122192926497
3025,0.122192926497
3026,0.122192926497
3027,0.122192926497
3028,0.122192926497
3029,0.122192926497
3030,0.122192926497
3031,0.122192926497
3032,0.122192926497
3033,0.122192926497
3034,0.122192926497
3035,0.122192926497
3036,0.122192926497
3037,0.122192926497
3038,0.122192926497
3039,0.122192926497
3040,0.122192926497
3041,0.122192926497
3042,0.122192926497
3043,0.122192926497
3044,0.122192926497
3045,0.122192926497
3046,0.122192926497
3047,0.122192926497
3048,0.122192926497
3049,0.122192926497
3050,0.122192926497
3051,0.122192926497
3052,0.122192926497
3053,0.122192926497
3054,0.122192926497
3055,0.122192926497
3056,0.122192926497
3057,0.122192926497
3058,0.122192926497
3059,0.122192926497
3060,0.122192926497
3061,0.122192926497
3062,0.122192926497
3063,0.122192926497
3064,0.122192926497
3065,0.122192926497
3066,0.122192926497
3067,0.122192926497
3068,0.122192926497
3069,0.122192926497
3070,0.122192926497
3071,0.122192926497
3072,0.122192926497
3073,0.122192926497
3074,0.122192926497
3075,0.122192926497
3076,0.122192926497
3077,0.122192926497
3078,0.122192926497
3079,0.122192926497
3080,0.122192926497
3081,0.122192926497
3082,0.122192926497
3083,0.122192926497
3084,0.122192926497
3085,0.122192926497
3086,0.122192926497
3087,0.122192926497
3088,0.122192926497
3089,0.122192926497
3090,0.122192926497
3091,0.122192926497
3092,0.122192926497
3093,0.122192926497
3094,0.122192926497
3095,0.122192926497
3096,0.122192926497
3097,0.122192926497
3098,0.122192926497
3099,0.122192926497
3100,0.122192926497
3101,0.122192926497
3102,0.122192926497
3103,0.122192926497
3104,0.122192926497
3105,0.122192926497
3106,0.122192926497
3107,0.122192926497
3108,0.122192926497
3109,0.122192926497
3110,0.122192926497
3111,0.122192926497
3112,0.122192926497
3113,0.122192926497
3114,0.122192926497
3115,0.122192926497
3116,0.122192926497
3117,0.122192926497
3118,0.122192926497
3119,0.122192926497
3120,0.122192926497
3121,0.122192926497
3122,0.122192926497
3123,0.122192926497
3124,0.122192926497
3125,0.122192926497
3126,0.122192926497
3127,0.122192926497
3128,0.122192926497
3129,0.122192926497
3130,0.122192926497
3131,0.122192926497
3132,0.122192926497
3133,0.122192926497
3134,0.122192926497
3135,0.122192926497
3136,0.122192926497
3137,0.122192926497
3138,0.122192926497
3139,0.122192926497
3140,0.122192926497
3141,0.122192926497
3142,0.122192926497
3143,0.122192926497
3144,0.122192926497
3145,0.122192926497
3146,0.122192926497
3147,0.122192926497
3148,0.122192926497
3149,0.122192926497
3150,0.122192926497
3151,0.122192926497
3152,0.122192926497
3153,0.122192926497
3154,0.122192926497
3155,0.122192926497
3156,0.122192926497
3157,0.122192926497
3158,0.122192926497
3159,0.122192926497
3160,0.122192926497
3161,0.122192926497
3162,0.122192926497
3163,0.122192926497
3164,0.122192926497
3165,0.122192926497
3166,0.122192926497
3167,0.122192926497
3168,0.122192926497
3169,0.122192926497
3170,0.122192926497
3171,0.122192926497
3172,0.122192926497
3173,0.122192926497
3174,0.122192926497
3175,0.122192926497
3176,0.122192926497
3177,0.122192926497
3178,0.122192926497
3179,0.122192926497
3180,0.122192926497
3181,0.122192926497
3182,0.122192926497
3183,0.122192926497
3184,0.122192926497
3185,0.122192926497
3186,0.122192926497
3187,0.122192926497
3188,0.122192926497
3189,0.122192926497
3190,0.122192926497
3191,0.122192926497
3192,0.122192926497
3193,0.122192926497
3194,0.122192926497
3195,0.122192926497
3196,0.122192926497
3197,0.122192926497
3198,0.122192926497
3199,0.122192926497
3200,0.122192926497
3201,0.122192926497
3202,0.122192926497
3203,0.122192926497
3204,0.122192926497
3205,0.122192926497
3206,0.122192926497
3207,0.122192926497
3208,0.122192926497
3209,0.122192926497
3210,0.122192926497
3211,0.122192926497
3212,0.122192926497
3213,0.122192926497
3214,0.122192926497
3215,0.122192926497
3216,0.122192926497
3217,0.122192926497
3218,0.122192926497
3219,0.122192926497
3220,0.122192926497
3221,0.122192926497
3222,0.122192926497
3223,0.122192926497
3224,0.122192926497
3225,0.122192926497
3226,0.122192926497
3227,0.122192926497
3228,0.122192926497
3229,0.122192926497
3230,0.122192926497
3231,0.122192926497
3232,0.122192926497
3233,0.122192926497
3234,0.122192926497
3235,0.122192926497
3236,0.122192926497
3237,0.122192926497
3238,0.122192926497
3239,0.122192926497
3240,0.122192926497
3241,0.122192926497
3242,0.122192926497
3243,0.122192926497
3244,0.122192926497
3245,0.122192926497
3246,0.122192926497
3247,0.122192926497
3248,0.122192926497
3249,0.122192926497
3250,0.122192926497
3251,0.122192926497
3252,0.122192926497
3253,0.122192926497
3254,0.122192926497
3255,0.122192926497
3256,0.122192926497
3257,0.122192926497
3258,0.122192926497
3259,0.122192926497
3260,0.122192926497
3261,0.122192926497
3262,0.122192926497
3263,0.122192926497
3264,0.122192926497
3265,0.122192926497
3266,0.122192926497
3267,0.122192926497
3268,0.122192926497
3269,0.122192926497
3270,0.122192926497
3271,0.122192926497
3272,0.122192926497
3273,0.122192926497
3274,0.122192926497
3275,0.122192926497
3276,0.122192926497
3277,0.122192926497
3278,0.122192926497
3279,0.122192926497
3280,0.122192926497
3281,0.122192926497
3282,0.122192926497
3283,0.122192926497
3284,0.122192926497
3285,0.122192926497
3286,0.122192926497
3287,0.122192926497
3288,0.122192926497
3289,0.122192926497
3290,0.122192926497
3291,0.122192926497
3292,0.122192926497
3293,0.122192926497
3294,0.122192926497
3295,0.122192926497
3296,0.122192926497
3297,0.122192926497
3298,0.122192926497
3299,0.122192926497
3300,0.122192926497
3301,0.122192926497
3302,0.122192926497
3303,0.122346301115
3304,0.122346301115
3305,0.122346301115
3306,0.122346301115
3307,0.122346301115
3308,0.122346301115
3309,0.122346301115
3310,0.122346301115
3311,0.122346301115
3312,0.122346301115
3313,0.122346301115
3314,0.122346301115
3315,0.122346301115
3316,0.122346301115
3317,0.122346301115
3318,0.122346301115
3319,0.122346301115
3320,0.122346301115
3321,0.122346301115
3322,0.122346301115
3323,0.122346301115
3324,0.122346301115
3325,0.122346301115
3326,0.122346301115
3327,0.122346301115
3328,0.122346301115
3329,0.122346301115
3330,0.122346301115
3331,0.122346301115
3332,0.122346301115
3333,0.122346301115
3334,0.122346301115
3335,0.122346301115
3336,0.122346301115
3337,0.122346301115
3338,0.122346301115
3339,0.122346301115
3340,0.122346301115
3341,0.122346301115
3342,0.122346301115
3343,0.122346301115
3344,0.122346301115
3345,0.122346301115
3346,0.122346301115
3347,0.122346301115
3348,0.122346301115
3349,0.122346301115
3350,0.122346301115
3351,0.122346301115
3352,0.122346301115
3353,0.122346301115
3354,0.122346301115
3355,0.122346301115
3356,0.122346301115
3357,0.122346301115
3358,0.122346301115
3359,0.122346301115
3360,0.122346301115
3361,0.122346301115
3362,0.122346301115
3363,0.122346301115
3364,0.122346301115
3365,0.122346301115
3366,0.122346301115
3367,0.122346301115
3368,0.122346301115
3369,0.122346301115
3370,0.122346301115
3371,0.122346301115
3372,0.122346301115
3373,0.122346301115
3374,0.122346301115
3375,0.122346301115
3376,0.122346301115
3377,0.122346301115
3378,0.122346301115
3379,0.122346301115
3380,0.122346301115
3381,0.122346301115
3382,0.122346301115
3383,0.122346301115
3384,0.122346301115
3385,0.122346301115
3386,0.122346301115
3387,0.122346301115
3388,0.122346301115
3389,0.122346301115
3390,0.122346301115
3391,0.122346301115
3392,0.122346301115
3393,0.122346301115
3394,0.122346301115
3395,0.122346301115
3396,0.122346301115
3397,0.122346301115
3398,0.122346301115
3399,0.122346301115
3400,0.122346301115
3401,0.122346301115
3402,0.122346301115
3403,0.122346301115
3404,0.122346301115
3405,0.122346301115
3406,0.122346301115
3407,0.122346301115
3408,0.122346301115
3409,0.122346301115
3410,0.122346301115
3411,0.122346301115
3412,0.122346301115
3413,0.122346301115
3414,0.122346301115
3415,0.122346301115
3416,0.122346301115
3417,0.122346301115
3418,0.122346301115
3419,0.122346301115
3420,0.122346301115
3421,0.122346301115
3422,0.122346301115
3423,0.122346301115
3424,0.122346301115
3425,0.122346301115
3426,0.122346301115
3427,0.122346301115
3428,0.122346301115
3429,0.122346301115
3430,0.122346301115
3431,0.122346301115
3432,0.122346301115
3433,0.122346301115
3434,0.122346301115
3435,0.122346301115
3436,0.122346301115
3437,0.122346301115
3438,0.122346301115
3439,0.122346301115
3440,0.122346301115
3441,0.122346301115
3442,0.122346301115
3443,0.122346301115
3444,0.122346301115
3445,0.122346301115
3446,0.122346301115
3447,0.122346301115
3448,0.122346301115
3449,0.122346301115
3450,0.122346301115
3451,0.122346301115
3452,0.122346301115
3453,0.122346301115
3454,0.122346301115
3455,0.122346301115
3456,0.122346301115
3457,0.122346301115
3458,0.122346301115
3459,0.122346301115
3460,0.122346301115
3461,0.122346301115
3462,0.122346301115
3463,0.122346301115
3464,0.122346301115
3465,0.122346301115
3466,0.122346301115
3467,0.122346301115
3468,0.122346301115
3469,0.122346301115
3470,0.122346301115
3471,0.122346301115
3472,0.122346301115
3473,0.122346301115
3474,0.122346301115
3475,0.122346301115
3476,0.122346301115
3477,0.122346301115
3478,0.122346301115
3479,0.122346301115
3480,0.122346301115
3481,0.122346301115
3482,0.122346301115
3483,0.122346301115
3484,0.122346301115
3485,0.122346301115
3486,0.122346301115
3487,0.122346301115
3488,0.122346301115
3489,0.122346301115
3490,0.122346301115
3491,0.122346301115
3492,0.122346301115
3493,0.122346301115
3494,0.122346301115
3495,0.122346301115
3496,0.122346301115
3497,0.122346301115
3498,0.122346301115
3499,0.122346301115
3500,0.122346301115
3501,0.122346301115
3502,0.122346301115
3503,0.122346301115
3504,0.122346301115
3505,0.122346301115
3506,0.122346301115
3507,0.122346301115
3508,0.122346301115
3509,0.122346301115
3510,0.122346301115
3511,0.122346301115
3512,0.122346301115
3513,0.122346301115
3514,0.122346301115
3515,0.122346301115
3516,0.122346301115
3517,0.122346301115
3518,0.122346301115
3519,0.122346301115
3520,0.122346301115
3521,0.122346301115
3522,0.122346301115
3523,0.122346301115
3524,0.122346301115
3525,0.122346301115
3526,0.122346301115
3527,0.122346301115
3528,0.122346301115
3529,0.122346301115
3530,0.122346301115
3531,0.122346301115
3532,0.122346301115
3533,0.122346301115
3534,0.122346301115
3535,0.122346301115
3536,0.122346301115
3537,0.122346301115
3538,0.123645049313
3539,0.123645049313
3540,0.123645049313
3541,0.123645049313
3542,0.123645049313
3543,0.123645049313
3544,0.123645049313
3545,0.123645049313
3546,0.123645049313
3547,0.123645049313
3548,0.123645049313
3549,0.123645049313
3550,0.123645049313
3551,0.123645049313
3552,0.123645049313
3553,0.123645049313
3554,0.123645049313
3555,0.123645049313
3556,0.123645049313
3557,0.123645049313
3558,0.123645049313
3559,0.123645049313
3560,0.123645049313
3561,0.123645049313
3562,0.123645049313
3563,0.123645049313
3564,0.123645049313
3565,0.123645049313
3566,0.123645049313
3567,0.123645049313
3568,0.123645049313
3569,0.123645049313
3570,0.123645049313
3571,0.123645049313
3572,0.123645049313
3573,0.123645049313
3574,0.123645049313
3575,0.123645049313
3576,0.123645049313
3577,0.123645049313
3578,0.123645049313
3579,0.123645049313
3580,0.123645049313
3581,0.123645049313
3582,0.123645049313
3583,0.123645049313
3584,0.123645049313
3585,0.123645049313
3586,0.123645049313
3587,0.123645049313
3588,0.123645049313
3589,0.123645049313
3590,0.123645049313
3591,0.123645049313
3592,0.123645049313
3593,0.123645049313
3594,0.123645049313
3595,0.123645049313
3596,0.123645049313
3597,0.123645049313
3598,0.123645049313
3599,0.123645049313
3600,0.123645049313
3601,0.123645049313
3602,0.123645049313
3603,0.123645049313
3604,0.123645049313
3605,0.123645049313
3606,0.123645049313
3607,0.123645049313
3608,0.123645049313
3609,0.123645049313
3610,0.123645049313
3611,0.123645049313
3612,0.123645049313
3613,0.123645049313
3614,0.123645049313
3615,0.123645049313
3616,0.123645049313
3617,0.123645049313
3618,0.123645049313
3619,0.123645049313
3620,0.124299638523
3621,0.124299638523
3622,0.124299638523
3623,0.124299638523
3624,0.124299638523
3625,0.124299638523
3626,0.124299638523
3627,0.124299638523
3628,0.124299638523
3629,0.124299638523
3630,0.124299638523
3631,0.124299638523
3632,0.124299638523
3633,0.124299638523
3634,0.124299638523
3635,0.124299638523
3636,0.124299638523
3637,0.124299638523
3638,0.124299638523
3639,0.124299638523
3640,0.124299638523
3641,0.124299638523
3642,0.124299638523
3643,0.124299638523
3644,0.124299638523
3645,0.124299638523
3646,0.124299638523
3647,0.124299638523
3648,0.124299638523
3649,0.124299638523
3650,0.124299638523
3651,0.124299638523
3652,0.124687123509
3653,0.124687123509
3654,0.124687123509
3655,0.124687123509
3656,0.124687123509
3657,0.124687123509
3658,0.124687123509
3659,0.124687123509
3660,0.124687123509
3661,0.124687123509
3662,0.124687123509
3663,0.124687123509
3664,0.124687123509
3665,0.124687123509
3666,0.124687123509
3667,0.124687123509
3668,0.124687123509
3669,0.124687123509
3670,0.124687123509
3671,0.124687123509
3672,0.124687123509
3673,0.124687123509
3674,0.124687123509
3675,0.124687123509
3676,0.124687123509
3677,0.124687123509
3678,0.124687123509
3679,0.124687123509
3680,0.124687123509
3681,0.124687123509
3682,0.124687123509
3683,0.124687123509
3684,0.124687123509
3685,0.124687123509
3686,0.124687123509
3687,0.124687123509
3688,0.124687123509
3689,0.124687123509
3690,0.124687123509
3691,0.124687123509
3692,0.124687123509
3693,0.124687123509
3694,0.124687123509
3695,0.124687123509
3696,0.124687123509
3697,0.124687123509
3698,0.124687123509
3699,0.124687123509
3700,0.124687123509
3701,0.124687123509
3702,0.124687123509
3703,0.124687123509
3704,0.124687123509
3705,0.124687123509
3706,0.124687123509
3707,0.124687123509
3708,0.124687123509
3709,0.124687123509
3710,0.124687123509
3711,0.124687123509
3712,0.124687123509
3713,0.124687123509
3714,0.124687123509
3715,0.124687123509
3716,0.124687123509
3717,0.124687123509
3718,0.124687123509
3719,0.124687123509
3720,0.124687123509
3721,0.124687123509
3722,0.124687123509
3723,0.124687123509
3724,0.124687123509
3725,0.124687123509
3726,0.124687123509
3727,0.124687123509
3728,0.124687123509
3729,0.124687123509
3730,0.124687123509
3731,0.124687123509
3732,0.124687123509
3733,0.124687123509
3734,0.124687123509
3735,0.124687123509
3736,0.124687123509
3737,0.124687123509
3738,0.124687123509
3739,0.124687123509
3740,0.124687123509
3741,0.124687123509
3742,0.124687123509
3743,0.124687123509
3744,0.124687123509
3745,0.124687123509
3746,0.124687123509
3747,0.124687123509
3748,0.124687123509
3749,0.124687123509
3750,0.124687123509
3751,0.124687123509
3752,0.124687123509
3753,0.124687123509
3754,0.124687123509
3755,0.124687123509
3756,0.124687123509
3757,0.124687123509
3758,0.124687123509
3759,0.124687123509
3760,0.124687123509
3761,0.124687123509
3762,0.124687123509
3763,0.124687123509
3764,0.124687123509
3765,0.124687123509
3766,0.124687123509
3767,0.124687123509
3768,0.124687123509
3769,0.124687123509
3770,0.124687123509
3771,0.124687123509
3772,0.124687123509
3773,0.124687123509
3774,0.124687123509
3775,0.124687123509
3776,0.124687123509
3777,0.124687123509
3778,0.124687123509
3779,0.124687123509
3780,0.124687123509
3781,0.124687123509
3782,0.124687123509
3783,0.124687123509
3784,0.124687123509
3785,0.124687123509
3786,0.124687123509
3787,0.124687123509
3788,0.124687123509
3789,0.124687123509
3790,0.124687123509
3791,0.124687123509
3792,0.124687123509
3793,0.124687123509
3794,0.124687123509
3795,0.124687123509
3796,0.124687123509
3797,0.124687123509
3798,0.124687123509
3799,0.124687123509
3800,0.124687123509
3801,0.124687123509
3802,0.124687123509
3803,0.124687123509
3804,0.124687123509
3805,0.124687123509
3806,0.124687123509
3807,0.124687123509
3808,0.124687123509
3809,0.124687123509
3810,0.124687123509
3811,0.124687123509
3812,0.124687123509
3813,0.124687123509
3814,0.124687123509
3815,0.124687123509
3816,0.124687123509
3817,0.124687123509
3818,0.124687123509
3819,0.124687123509
3820,0.124687123509
3821,0.124687123509
3822,0.124687123509
3823,0.124687123509
3824,0.124687123509
3825,0.124687123509
3826,0.124687123509
3827,0.124687123509
3828,0.124687123509
3829,0.124687123509
3830,0.124687123509
3831,0.124687123509
3832,0.124687123509
3833,0.124687123509
3834,0.124687123509
3835,0.124687123509
3836,0.124687123509
3837,0.124687123509
3838,0.124687123509
3839,0.124687123509
3840,0.124687123509
3841,0.124687123509
3842,0.124687123509
3843,0.124687123509
3844,0.124687123509
3845,0.124687123509
3846,0.124687123509
3847,0.124687123509
3848,0.124687123509
3849,0.124687123509
3850,0.124687123509
3851,0.124687123509
3852,0.124687123509
3853,0.124687123509
3854,0.124687123509
3855,0.124687123509
3856,0.124687123509
3857,0.124687123509
3858,0.124687123509
3859,0.124687123509
3860,0.124687123509
3861,0.124687123509
3862,0.124687123509
3863,0.124687123509
3864,0.124687123509
3865,0.124687123509
3866,0.124687123509
3867,0.124687123509
3868,0.124687123509
3869,0.124687123509
3870,0.124687123509
3871,0.124687123509
3872,0.124687123509
3873,0.124687123509
3874,0.124687123509
3875,0.124687123509
3876,0.124687123509
3877,0.124687123509
3878,0.124687123509
3879,0.124687123509
3880,0.124687123509
3881,0.124687123509
3882,0.124687123509
3883,0.124687123509
3884,0.124687123509
3885,0.124687123509
3886,0.124687123509
3887,0.124687123509
3888,0.124687123509
3889,0.124687123509
3890,0.124687123509
3891,0.124687123509
3892,0.124687123509
3893,0.124687123509
3894,0.124687123509
3895,0.124687123509
3896,0.124687123509
3897,0.124687123509
3898,0.124687123509
3899,0.124687123509
3900,0.124687123509
3901,0.124687123509
3902,0.124687123509
3903,0.124687123509
3904,0.124687123509
3905,0.124687123509
3906,0.124687123509
3907,0.124687123509
3908,0.124687123509
3909,0.124687123509
3910,0.124687123509
3911,0.124687123509
3912,0.124687123509
3913,0.124687123509
3914,0.124687123509
3915,0.124687123509
3916,0.124687123509
3917,0.124687123509
3918,0.124687123509
3919,0.124687123509
3920,0.124687123509
3921,0.124687123509
3922,0.124687123509
3923,0.124687123509
3924,0.124687123509
3925,0.124687123509
3926,0.124687123509
3927,0.124687123509
3928,0.124687123509
3929,0.124687123509
3930,0.124687123509
3931,0.124687123509
3932,0.124687123509
3933,0.124687123509
3934,0.124687123509
3935,0.124687123509
3936,0.124687123509
3937,0.124687123509
3938,0.124687123509
3939,0.124687123509
3940,0.124687123509
3941,0.124687123509
3942,0.124687123509
3943,0.124687123509
3944,0.124687123509
3945,0.124687123509
3946,0.124687123509
3947,0.124687123509
3948,0.124687123509
3949,0.124687123509
3950,0.124687123509
3951,0.124687123509
3952,0.124687123509
3953,0.124687123509
3954,0.124687123509
3955,0.124687123509
3956,0.124687123509
3957,0.124687123509
3958,0.124687123509
3959,0.124687123509
3960,0.124687123509
3961,0.124687123509
3962,0.124687123509
3963,0.124687123509
3964,0.124687123509
3965,0.124687123509
3966,0.124687123509
3967,0.124687123509
3968,0.124687123509
3969,0.124687123509
3970,0.124687123509
3971,0.124687123509
3972,0.124687123509
3973,0.124687123509
3974,0.124687123509
3975,0.124687123509
3976,0.124687123509
3977,0.124687123509
3978,0.124687123509
3979,0.124687123509
3980,0.124687123509
3981,0.124687123509
3982,0.124687123509
3983,0.124687123509
3984,0.124687123509
3985,0.124687123509
3986,0.124687123509
3987,0.124687123509
3988,0.124687123509
3989,0.124687123509
3990,0.124687123509
3991,0.124687123509
3992,0.124687123509
3993,0.124687123509
3994,0.124687123509
3995,0.124687123509
3996,0.124687123509
3997,0.124687123509
3998,0.124687123509
3999,0.124687123509
4000,0.124687123509
4001,0.124687123509
4002,0.124687123509
4003,0.124687123509
4004,0.124687123509
4005,0.124687123509
4006,0.124687123509
4007,0.124687123509
4008,0.124687123509
4009,0.124687123509
4010,0.124687123509
4011,0.124687123509
4012,0.124687123509
4013,0.124687123509
4014,0.124687123509
4015,0.124687123509
4016,0.124687123509
4017,0.124687123509
4018,0.124687123509
4019,0.124687123509
4020,0.124687123509
4021,0.124687123509
4022,0.124687123509
4023,0.124687123509
4024,0.124687123509
4025,0.124687123509
4026,0.124687123509
4027,0.124687123509
4028,0.124687123509
4029,0.124687123509
4030,0.124687123509
4031,0.124687123509
4032,0.124687123509
4033,0.124687123509
4034,0.124687123509
4035,0.124687123509
4036,0.124687123509
4037,0.124687123509
4038,0.124687123509
4039,0.124687123509
4040,0.124687123509
4041,0.124687123509
4042,0.124687123509
4043,0.124687123509
4044,0.124687123509
4045,0.124687123509
4046,0.124687123509
4047,0.124687123509
4048,0.124687123509
4049,0.124687123509
4050,0.124687123509
4051,0.124687123509
4052,0.124687123509
4053,0.124687123509
4054,0.124687123509
4055,0.124687123509
4056,0.124687123509
4057,0.124687123509
4058,0.124687123509
4059,0.124687123509
4060,0.124687123509
4061,0.124687123509
4062,0.124687123509
4063,0.124687123509
4064,0.124687123509
4065,0.124687123509
4066,0.124687123509
4067,0.124687123509
4068,0.124687123509
4069,0.124687123509
4070,0.124687123509
4071,0.124687123509
4072,0.124687123509
4073,0.124687123509
4074,0.124687123509
4075,0.124687123509
4076,0.124687123509
4077,0.124687123509
4078,0.124687123509
4079,0.124687123509
4080,0.124687123509
4081,0.124687123509
4082,0.124687123509
4083,0.124687123509
4084,0.124687123509
4085,0.124687123509
4086,0.124687123509
4087,0.124687123509
4088,0.124687123509
4089,0.124687123509
4090,0.124687123509
4091,0.124687123509
4092,0.124687123509
4093,0.124687123509
4094,0.124687123509
4095,0.124687123509
4096,0.124687123509
4097,0.124687123509
4098,0.124687123509
4099,0.124687123509
4100,0.124687123509
4101,0.124687123509
4102,0.124687123509
4103,0.124687123509
4104,0.124687123509
4105,0.124687123509
4106,0.124687123509
4107,0.124687123509
4108,0.124687123509
4109,0.124687123509
4110,0.124687123509
4111,0.124687123509
4112,0.124687123509
4113,0.124687123509
4114,0.124687123509
4115,0.124687123509
4116,0.124687123509
4117,0.124687123509
4118,0.124687123509
4119,0.124687123509
4120,0.124687123509
4121,0.124687123509
4122,0.124687123509
4123,0.124687123509
4124,0.124687123509
4125,0.124687123509
4126,0.124687123509
4127,0.124687123509
4128,0.124687123509
4129,0.124687123509
4130,0.124687123509
4131,0.124687123509
4132,0.124687123509
4133,0.124687123509
4134,0.124687123509
4135,0.124687123509
4136,0.124687123509
4137,0.124687123509
4138,0.124687123509
4139,0.124687123509
4140,0.124687123509
4141,0.124687123509
4142,0.124687123509
4143,0.124687123509
4144,0.124687123509
4145,0.124687123509
4146,0.124687123509
4147,0.124687123509
4148,0.124687123509
4149,0.124687123509
4150,0.124687123509
4151,0.124687123509
4152,0.124687123509
4153,0.124687123509
4154,0.124687123509
4155,0.124687123509
4156,0.124687123509
4157,0.124687123509
4158,0.124687123509
4159,0.124687123509
4160,0.124687123509
4161,0.124687123509
4162,0.124687123509
4163,0.12506250758
4164,0.12506250758
4165,0.12506250758
4166,0.12506250758
4167,0.12506250758
4168,0.12506250758
4169,0.12506250758
4170,0.12506250758
4171,0.12506250758
4172,0.12506250758
4173,0.12506250758
4174,0.12506250758
4175,0.12506250758
4176,0.12506250758
4177,0.12506250758
4178,0.12506250758
4179,0.12506250758
4180,0.12506250758
4181,0.12506250758
4182,0.12506250758
4183,0.12506250758
4184,0.12506250758
4185,0.12506250758
4186,0.12506250758
4187,0.12506250758
4188,0.12506250758
4189,0.12506250758
4190,0.12506250758
4191,0.12506250758
4192,0.12506250758
4193,0.12506250758
4194,0.12506250758
4195,0.12506250758
4196,0.12506250758
4197,0.12506250758
4198,0.12506250758
4199,0.12506250758
4200,0.12506250758
4201,0.12506250758
4202,0.12506250758
4203,0.12506250758
4204,0.12506250758
4205,0.12506250758
4206,0.12506250758
4207,0.12506250758
4208,0.12506250758
4209,0.12506250758
4210,0.12506250758
4211,0.12506250758
4212,0.12506250758
4213,0.12506250758
4214,0.12506250758
4215,0.12506250758
4216,0.12506250758
4217,0.12506250758
4218,0.12506250758
4219,0.12506250758
4220,0.12506250758
4221,0.12506250758
4222,0.12506250758
4223,0.12506250758
4224,0.12506250758
4225,0.12506250758
4226,0.12506250758
4227,0.12506250758
4228,0.12506250758
4229,0.12506250758
4230,0.12506250758
4231,0.12506250758
4232,0.12506250758
4233,0.12506250758
4234,0.12506250758
4235,0.12506250758
4236,0.12506250758
4237,0.12506250758
4238,0.12506250758
4239,0.12506250758
4240,0.12506250758
4241,0.12506250758
4242,0.12506250758
4243,0.12506250758
4244,0.12506250758
4245,0.12506250758
4246,0.12506250758
4247,0.12506250758
4248,0.12506250758
4249,0.12506250758
4250,0.12506250758
4251,0.12506250758
4252,0.12506250758
4253,0.12506250758
4254,0.12506250758
4255,0.12506250758
4256,0.12506250758
4257,0.12506250758
4258,0.12506250758
4259,0.12506250758
4260,0.12506250758
4261,0.12506250758
4262,0.12506250758
4263,0.12506250758
4264,0.12506250758
4265,0.12506250758
4266,0.12506250758
4267,0.12506250758
4268,0.12506250758
4269,0.12506250758
4270,0.12506250758
4271,0.12506250758
4272,0.12506250758
4273,0.12506250758
4274,0.12506250758
4275,0.12506250758
4276,0.12506250758
4277,0.12506250758
4278,0.12506250758
4279,0.12506250758
4280,0.12506250758
4281,0.12506250758
4282,0.12506250758
4283,0.12506250758
4284,0.12506250758
4285,0.12506250758
4286,0.12506250758
4287,0.12506250758
4288,0.12506250758
4289,0.12506250758
4290,0.12506250758
4291,0.12506250758
4292,0.12506250758
4293,0.12506250758
4294,0.12506250758
4295,0.12506250758
4296,0.12506250758
4297,0.12506250758
4298,0.12506250758
4299,0.12506250758
4300,0.12506250758
4301,0.12506250758
4302,0.12506250758
4303,0.12506250758
4304,0.12506250758
4305,0.12506250758
4306,0.12506250758
4307,0.12506250758
4308,0.12506250758
4309,0.12506250758
4310,0.12506250758
4311,0.12506250758
4312,0.12506250758
4313,0.12506250758
4314,0.12506250758
4315,0.12506250758
4316,0.12506250758
4317,0.12506250758
4318,0.12506250758
4319,0.12506250758
4320,0.12506250758
4321,0.12506250758
4322,0.12506250758
4323,0.12506250758
4324,0.12506250758
4325,0.12506250758
4326,0.12506250758
4327,0.12506250758
4328,0.12506250758
4329,0.12506250758
4330,0.12506250758
4331,0.12506250758
4332,0.12506250758
4333,0.12506250758
4334,0.12506250758
4335,0.12506250758
4336,0.12506250758
4337,0.12506250758
4338,0.12506250758
4339,0.12506250758
4340,0.12506250758
4341,0.12506250758
4342,0.12506250758
4343,0.12506250758
4344,0.12506250758
4345,0.12506250758
4346,0.12506250758
4347,0.12506250758
4348,0.12506250758
4349,0.12506250758
4350,0.12506250758
4351,0.12506250758
4352,0.12506250758
4353,0.12506250758
4354,0.12506250758
4355,0.12506250758
4356,0.12506250758
4357,0.12506250758
4358,0.12506250758
4359,0.12506250758
4360,0.12506250758
4361,0.12506250758
4362,0.12506250758
4363,0.12506250758
4364,0.12506250758
4365,0.12506250758
4366,0.12506250758
4367,0.12506250758
4368,0.12506250758
4369,0.12506250758
4370,0.12506250758
4371,0.12506250758
4372,0.12506250758
4373,0.12506250758
4374,0.12506250758
4375,0.12506250758
4376,0.12506250758
4377,0.12506250758
4378,0.12506250758
4379,0.12506250758
4380,0.12506250758
4381,0.12506250758
4382,0.12506250758
4383,0.12506250758
4384,0.12506250758
4385,0.12506250758
4386,0.12506250758
4387,0.12506250758
4388,0.12506250758
4389,0.12506250758
4390,0.12506250758
4391,0.12506250758
4392,0.12506250758
4393,0.12506250758
4394,0.12506250758
4395,0.12506250758
4396,0.12506250758
4397,0.12506250758
4398,0.12506250758
4399,0.12506250758
4400,0.12506250758
4401,0.12506250758
4402,0.12506250758
4403,0.12506250758
4404,0.12506250758
4405,0.12506250758
4406,0.12506250758
4407,0.12506250758
4408,0.12506250758
4409,0.12506250758
4410,0.12506250758
4411,0.12506250758
4412,0.12506250758
4413,0.12506250758
4414,0.12506250758
4415,0.12506250758
4416,0.12506250758
4417,0.12506250758
4418,0.12506250758
4419,0.12506250758
4420,0.12506250758
4421,0.12506250758
4422,0.12506250758
4423,0.12506250758
4424,0.12506250758
4425,0.12506250758
4426,0.12506250758
4427,0.12506250758
4428,0.12506250758
4429,0.12506250758
4430,0.12506250758
4431,0.12506250758
4432,0.12506250758
4433,0.12506250758
4434,0.12506250758
4435,0.12506250758
4436,0.12506250758
4437,0.12506250758
4438,0.12506250758
4439,0.12506250758
4440,0.12506250758
4441,0.12506250758
4442,0.12506250758
4443,0.12506250758
4444,0.12506250758
4445,0.125066305015
4446,0.125066305015
4447,0.125066305015
4448,0.125066305015
4449,0.125066305015
4450,0.125066305015
4451,0.125066305015
4452,0.125066305015
4453,0.12762858434
4454,0.12762858434
4455,0.12762858434
4456,0.12762858434
4457,0.12762858434
4458,0.12762858434
4459,0.12762858434
4460,0.12762858434
4461,0.12762858434
4462,0.12762858434
4463,0.12762858434
4464,0.12762858434
4465,0.12762858434
4466,0.12762858434
4467,0.12762858434
4468,0.12762858434
4469,0.12762858434
4470,0.12762858434
4471,0.12762858434
4472,0.12762858434
4473,0.12762858434
4474,0.12762858434
4475,0.12762858434
4476,0.12762858434
4477,0.12762858434
4478,0.12762858434
4479,0.12762858434
4480,0.12762858434
4481,0.12762858434
4482,0.12762858434
4483,0.12762858434
4484,0.12762858434
4485,0.12762858434
4486,0.12762858434
4487,0.12762858434
4488,0.12762858434
4489,0.12762858434
4490,0.12762858434
4491,0.12762858434
4492,0.12762858434
4493,0.12762858434
4494,0.12762858434
4495,0.12762858434
4496,0.12762858434
4497,0.12762858434
4498,0.12762858434
4499,0.12762858434
4500,0.12762858434
4501,0.12762858434
4502,0.12762858434
4503,0.12762858434
4504,0.12762858434
4505,0.12762858434
4506,0.12762858434
4507,0.12762858434
4508,0.12762858434
4509,0.12762858434
4510,0.12762858434
4511,0.12762858434
4512,0.12762858434
4513,0.12762858434
4514,0.12762858434
4515,0.12762858434
4516,0.12762858434
4517,0.12762858434
4518,0.12762858434
4519,0.12762858434
4520,0.12762858434
4521,0.12762858434
4522,0.12762858434
4523,0.12762858434
4524,0.12762858434
4525,0.12762858434
4526,0.12762858434
4527,0.12762858434
4528,0.12762858434
4529,0.12762858434
4530,0.12762858434
4531,0.12762858434
4532,0.12762858434
4533,0.12762858434
4534,0.12762858434
4535,0.12762858434
4536,0.12762858434
4537,0.12762858434
4538,0.12762858434
4539,0.12762858434
4540,0.12762858434
4541,0.12762858434
4542,0.12762858434
4543,0.12762858434
4544,0.12762858434
4545,0.12762858434
4546,0.12762858434
4547,0.12762858434
4548,0.12762858434
4549,0.12762858434
4550,0.12762858434
4551,0.12762858434
4552,0.12762858434
4553,0.12762858434
4554,0.12762858434
4555,0.12762858434
4556,0.12762858434
4557,0.12762858434
4558,0.12762858434
4559,0.12762858434
4560,0.12762858434
4561,0.12762858434
4562,0.12762858434
4563,0.12762858434
4564,0.12762858434
4565,0.12762858434
4566,0.12762858434
4567,0.12762858434
4568,0.12762858434
4569,0.12762858434
4570,0.12762858434
4571,0.12762858434
4572,0.12762858434
4573,0.12762858434
4574,0.12762858434
4575,0.12762858434
4576,0.12762858434
4577,0.12762858434
4578,0.12762858434
4579,0.12762858434
4580,0.12762858434
4581,0.12762858434
4582,0.12762858434
4583,0.12762858434
4584,0.12762858434
4585,0.12762858434
4586,0.12762858434
4587,0.12762858434
4588,0.12762858434
4589,0.12762858434
4590,0.12762858434
4591,0.12762858434
4592,0.12762858434
4593,0.12762858434
4594,0.12762858434
4595,0.12762858434
4596,0.12762858434
4597,0.12762858434
4598,0.12762858434
4599,0.12762858434
4600,0.12762858434
4601,0.12762858434
4602,0.12762858434
4603,0.12762858434
4604,0.12762858434
4605,0.12762858434
4606,0.12762858434
4607,0.12762858434
4608,0.12762858434
4609,0.12762858434
4610,0.12762858434
4611,0.12762858434
4612,0.12762858434
4613,0.12762858434
4614,0.12762858434
4615,0.12762858434
4616,0.12762858434
4617,0.12762858434
4618,0.12762858434
4619,0.12762858434
4620,0.12762858434
4621,0.12762858434
4622,0.12762858434
4623,0.12762858434
4624,0.12762858434
4625,0.12762858434
4626,0.12762858434
4627,0.12762858434
4628,0.12762858434
4629,0.12762858434
4630,0.12762858434
4631,0.12762858434
4632,0.12762858434
4633,0.12762858434
4634,0.12762858434
4635,0.12762858434
4636,0.12762858434
4637,0.12762858434
4638,0.12762858434
4639,0.12762858434
4640,0.12762858434
4641,0.12762858434
4642,0.12762858434
4643,0.12762858434
4644,0.12762858434
4645,0.12762858434
4646,0.12762858434
4647,0.12762858434
4648,0.12762858434
4649,0.12762858434
4650,0.12762858434
4651,0.12762858434
4652,0.12762858434
4653,0.12762858434
4654,0.12762858434
4655,0.12762858434
4656,0.12762858434
4657,0.12762858434
4658,0.12762858434
4659,0.12762858434
4660,0.12762858434
4661,0.12762858434
4662,0.12762858434
4663,0.12762858434
4664,0.12762858434
4665,0.12762858434
4666,0.12762858434
4667,0.12762858434
4668,0.12762858434
4669,0.12762858434
4670,0.12762858434
4671,0.12762858434
4672,0.12762858434
4673,0.12762858434
4674,0.12762858434
4675,0.12762858434
4676,0.12762858434
4677,0.12762858434
4678,0.12762858434
4679,0.12762858434
4680,0.12762858434
4681,0.12762858434
4682,0.12762858434
4683,0.12762858434
4684,0.12762858434
4685,0.12762858434
4686,0.12762858434
4687,0.12762858434
4688,0.12762858434
4689,0.12762858434
4690,0.12762858434
4691,0.12762858434
4692,0.12762858434
4693,0.12762858434
4694,0.12762858434
4695,0.12762858434
4696,0.12762858434
4697,0.12762858434
4698,0.12762858434
4699,0.12762858434
4700,0.12762858434
4701,0.12762858434
4702,0.12762858434
4703,0.12762858434
4704,0.129492985454
4705,0.129492985454
4706,0.129492985454
4707,0.129492985454
4708,0.129492985454
4709,0.129492985454
4710,0.129492985454
4711,0.129492985454
4712,0.129492985454
4713,0.129492985454
4714,0.129492985454
4715,0.129492985454
4716,0.129492985454
4717,0.129492985454
4718,0.129492985454
4719,0.129492985454
4720,0.129492985454
4721,0.129492985454
4722,0.129492985454
4723,0.129492985454
4724,0.129492985454
4725,0.129492985454
4726,0.129492985454
4727,0.129492985454
4728,0.129512942975
4729,0.129512942975
4730,0.129512942975
4731,0.129512942975
4732,0.129512942975
4733,0.129512942975
4734,0.129512942975
4735,0.129512942975
4736,0.129512942975
4737,0.129512942975
4738,0.129512942975
4739,0.129512942975
4740,0.129512942975
4741,0.129512942975
4742,0.129512942975
4743,0.129512942975
4744,0.129512942975
4745,0.129512942975
4746,0.129512942975
4747,0.129512942975
4748,0.129512942975
4749,0.129512942975
4750,0.129512942975
4751,0.129512942975
4752,0.129512942975
4753,0.129512942975
4754,0.129512942975
4755,0.129512942975
4756,0.129512942975
4757,0.129512942975
4758,0.129512942975
4759,0.129512942975
4760,0.129512942975
4761,0.129512942975
4762,0.129512942975
4763,0.129512942975
4764,0.129512942975
4765,0.129512942975
4766,0.129512942975
4767,0.129512942975
4768,0.129512942975
4769,0.129512942975
4770,0.129512942975
4771,0.129512942975
4772,0.129512942975
4773,0.129512942975
4774,0.129512942975
4775,0.129512942975
4776,0.129512942975
4777,0.129512942975
4778,0.129512942975
4779,0.129512942975
4780,0.129512942975
4781,0.129512942975
4782,0.129512942975
4783,0.129512942975
4784,0.129512942975
4785,0.129512942975
4786,0.129512942975
4787,0.129512942975
4788,0.129512942975
4789,0.129512942975
4790,0.129512942975
4791,0.129512942975
4792,0.129512942975
4793,0.129512942975
4794,0.129512942975
4795,0.129512942975
4796,0.129512942975
4797,0.129512942975
4798,0.129512942975
4799,0.129512942975
4800,0.129512942975
4801,0.129512942975
4802,0.129512942975
4803,0.129512942975
4804,0.129512942975
4805,0.129512942975
4806,0.129512942975
4807,0.129512942975
4808,0.129512942975
4809,0.129512942975
4810,0.129512942975
4811,0.129512942975
4812,0.129512942975
4813,0.129512942975
4814,0.129512942975
4815,0.129512942975
4816,0.129512942975
4817,0.129512942975
4818,0.129512942975
4819,0.129512942975
4820,0.129512942975
4821,0.129512942975
4822,0.129512942975
4823,0.129512942975
4824,0.129512942975
4825,0.129512942975
4826,0.129512942975
4827,0.129512942975
4828,0.129512942975
4829,0.129512942975
4830,0.129512942975
4831,0.129512942975
4832,0.129512942975
4833,0.129512942975
4834,0.129512942975
4835,0.129512942975
4836,0.129512942975
4837,0.129512942975
4838,0.129512942975
4839,0.129512942975
4840,0.129512942975
4841,0.129512942975
4842,0.129512942975
4843,0.129512942975
4844,0.129512942975
4845,0.129512942975
4846,0.129512942975
4847,0.129512942975
4848,0.129512942975
4849,0.129512942975
4850,0.129512942975
4851,0.129512942975
4852,0.129512942975
4853,0.129512942975
4854,0.129512942975
4855,0.129512942975
4856,0.129512942975
4857,0.129512942975
4858,0.129512942975
4859,0.129512942975
4860,0.129512942975
4861,0.129512942975
4862,0.129512942975
4863,0.129512942975
4864,0.129512942975
4865,0.129512942975
4866,0.129512942975
4867,0.129512942975
4868,0.129512942975
4869,0.129512942975
4870,0.129512942975
4871,0.129512942975
4872,0.129512942975
4873,0.129512942975
4874,0.129512942975
4875,0.129512942975
4876,0.129512942975
4877,0.129630195879
4878,0.129630195879
4879,0.129630195879
4880,0.129630195879
4881,0.129630195879
4882,0.129630195879
4883,0.129630195879
4884,0.129630195879
4885,0.129630195879
4886,0.129630195879
4887,0.129630195879
4888,0.129630195879
4889,0.129630195879
4890,0.129630195879
4891,0.129630195879
4892,0.129630195879
4893,0.129630195879
4894,0.129630195879
4895,0.129630195879
4896,0.129630195879
4897,0.129630195879
4898,0.129630195879
4899,0.129630195879
4900,0.129630195879
4901,0.129630195879
4902,0.129630195879
4903,0.129630195879
4904,0.129630195879
4905,0.129630195879
4906,0.129630195879
4907,0.129630195879
4908,0.129630195879
4909,0.129630195879
4910,0.129630195879
4911,0.129630195879
4912,0.129630195879
4913,0.129630195879
4914,0.129630195879
4915,0.129630195879
4916,0.129630195879
4917,0.129630195879
4918,0.129630195879
4919,0.129630195879
4920,0.129630195879
4921,0.129630195879
4922,0.129630195879
4923,0.129630195879
4924,0.129630195879
4925,0.129630195879
4926,0.129630195879
4927,0.129630195879
4928,0.129630195879
4929,0.129630195879
4930,0.129630195879
4931,0.129630195879
4932,0.129630195879
4933,0.129630195879
4934,0.129630195879
4935,0.129630195879
4936,0.129630195879
4937,0.129630195879
4938,0.129630195879
4939,0.129630195879
4940,0.129630195879
4941,0.129630195879
4942,0.129630195879
4943,0.129630195879
4944,0.129630195879
4945,0.129630195879
4946,0.129630195879
4947,0.129630195879
4948,0.129630195879
4949,0.129630195879
4950,0.129630195879
4951,0.129630195879
4952,0.129630195879
4953,0.129630195879
4954,0.129630195879
4955,0.129630195879
4956,0.129630195879
4957,0.129630195879
4958,0.129630195879
4959,0.129630195879
4960,0.129630195879
4961,0.129630195879
4962,0.129630195879
4963,0.129630195879
4964,0.129630195879
4965,0.129630195879
4966,0.129630195879
4967,0.129630195879
4968,0.129630195879
4969,0.129630195879
4970,0.129630195879
4971,0.129630195879
4972,0.129630195879
4973,0.129630195879
4974,0.129630195879
4975,0.129630195879
4976,0.129630195879
4977,0.129630195879
4978,0.129630195879
4979,0.129630195879
4980,0.129630195879
4981,0.129630195879
4982,0.129630195879
4983,0.129630195879
4984,0.129630195879
4985,0.129630195879
4986,0.129630195879
4987,0.129630195879
4988,0.129630195879
4989,0.129630195879
4990,0.129630195879
4991,0.129630195879
4992,0.129630195879
4993,0.129630195879
4994,0.129630195879
4995,0.129630195879
4996,0.129630195879
4997,0.129630195879
4998,0.129928276892
4999,0.129928276892
