0,8.0
1,8.0
2,9.0
3,9.0
4,9.0
5,9.0
6,9.0
7,9.0
8,9.0
9,13.0
10,13.0
11,9.0
12,9.0
13,9.0
14,9.0
15,9.0
16,9.0
17,9.0
18,9.0
19,13.0
20,13.0
21,13.0
22,13.0
23,13.0
24,13.0
25,13.0
26,13.0
27,13.0
28,13.0
29,13.0
30,13.0
31,13.0
32,13.0
33,13.0
34,13.0
35,13.0
36,13.0
37,13.0
38,13.0
39,13.0
40,13.0
41,13.0
42,13.0
43,13.0
44,13.0
45,13.0
46,13.0
47,13.0
48,13.0
49,13.0
50,13.0
51,13.0
52,13.0
53,13.0
54,13.0
55,13.0
56,13.0
57,13.0
58,13.0
59,13.0
60,13.0
61,13.0
62,13.0
63,13.0
64,13.0
65,13.0
66,13.0
67,13.0
68,13.0
69,13.0
70,13.0
71,13.0
72,13.0
73,13.0
74,15.0
75,15.0
76,15.0
77,15.0
78,15.0
79,15.0
80,15.0
81,15.0
82,15.0
83,15.0
84,15.0
85,15.0
86,15.0
87,15.0
88,15.0
89,15.0
90,15.0
91,15.0
92,15.0
93,15.0
94,15.0
95,15.0
96,15.0
97,15.0
98,15.0
99,15.0
100,15.0
101,15.0
102,15.0
103,15.0
104,15.0
105,15.0
106,15.0
107,15.0
108,15.0
109,15.0
110,15.0
111,15.0
112,15.0
113,15.0
114,15.0
115,15.0
116,15.0
117,15.0
118,15.0
119,15.0
120,15.0
121,15.0
122,15.0
123,15.0
124,15.0
125,15.0
126,15.0
127,15.0
128,15.0
129,15.0
130,15.0
131,15.0
132,15.0
133,15.0
134,15.0
135,15.0
136,15.0
137,15.0
138,15.0
139,15.0
140,16.0
141,15.0
142,15.0
143,15.0
144,15.0
145,15.0
146,15.0
147,15.0
148,15.0
149,15.0
150,15.0
151,15.0
152,15.0
153,15.0
154,15.0
155,15.0
156,15.0
157,15.0
158,15.0
159,15.0
160,15.0
161,15.0
162,15.0
163,15.0
164,15.0
165,15.0
166,15.0
167,15.0
168,15.0
169,15.0
170,15.0
171,15.0
172,15.0
173,15.0
174,15.0
175,15.0
176,15.0
177,15.0
178,15.0
179,15.0
180,15.0
181,15.0
182,15.0
183,15.0
184,15.0
185,16.0
186,15.0
187,15.0
188,15.0
189,15.0
190,15.0
191,15.0
192,15.0
193,15.0
194,15.0
195,15.0
196,15.0
197,15.0
198,15.0
199,15.0
200,15.0
201,15.0
202,15.0
203,15.0
204,15.0
205,15.0
206,15.0
207,15.0
208,15.0
209,15.0
210,15.0
211,15.0
212,15.0
213,15.0
214,15.0
215,15.0
216,15.0
217,15.0
218,15.0
219,15.0
220,15.0
221,15.0
222,15.0
223,15.0
224,15.0
225,15.0
226,15.0
227,15.0
228,15.0
229,15.0
230,15.0
231,15.0
232,15.0
233,15.0
234,15.0
235,15.0
236,15.0
237,15.0
238,15.0
239,15.0
240,15.0
241,15.0
242,15.0
243,15.0
244,15.0
245,15.0
246,15.0
247,15.0
248,15.0
249,15.0
250,15.0
251,15.0
252,15.0
253,15.0
254,15.0
255,15.0
256,15.0
257,15.0
258,15.0
259,15.0
260,15.0
261,15.0
262,15.0
263,15.0
264,15.0
265,15.0
266,16.0
267,16.0
268,16.0
269,15.0
270,15.0
271,15.0
272,15.0
273,15.0
274,15.0
275,15.0
276,15.0
277,15.0
278,15.0
279,15.0
280,15.0
281,16.0
282,15.0
283,15.0
284,15.0
285,15.0
286,15.0
287,15.0
288,15.0
289,15.0
290,15.0
291,15.0
292,15.0
293,15.0
294,15.0
295,15.0
296,15.0
297,15.0
298,15.0
299,15.0
300,15.0
301,15.0
302,15.0
303,15.0
304,15.0
305,15.0
306,15.0
307,15.0
308,15.0
309,15.0
310,15.0
311,15.0
312,15.0
313,15.0
314,15.0
315,16.0
316,15.0
317,15.0
318,15.0
319,15.0
320,15.0
321,15.0
322,15.0
323,15.0
324,15.0
325,15.0
326,15.0
327,15.0
328,15.0
329,15.0
330,15.0
331,15.0
332,15.0
333,15.0
334,15.0
335,15.0
336,15.0
337,15.0
338,15.0
339,15.0
340,15.0
341,15.0
342,15.0
343,15.0
344,15.0
345,15.0
346,15.0
347,15.0
348,15.0
349,15.0
350,15.0
351,15.0
352,15.0
353,15.0
354,15.0
355,15.0
356,15.0
357,15.0
358,15.0
359,15.0
360,15.0
361,15.0
362,15.0
363,15.0
364,15.0
365,15.0
366,15.0
367,15.0
368,15.0
369,15.0
370,15.0
371,15.0
372,15.0
373,15.0
374,15.0
375,15.0
376,15.0
377,15.0
378,15.0
379,15.0
380,15.0
381,16.0
382,16.0
383,15.0
384,15.0
385,15.0
386,15.0
387,15.0
388,15.0
389,15.0
390,15.0
391,16.0
392,16.0
393,16.0
394,16.0
395,16.0
396,16.0
397,16.0
398,16.0
399,16.0
400,16.0
401,16.0
402,15.0
403,15.0
404,15.0
405,15.0
406,15.0
407,15.0
408,15.0
409,15.0
410,15.0
411,15.0
412,15.0
413,15.0
414,16.0
415,16.0
416,16.0
417,16.0
418,16.0
419,16.0
420,16.0
421,16.0
422,16.0
423,16.0
424,16.0
425,16.0
426,15.0
427,15.0
428,15.0
429,15.0
430,15.0
431,15.0
432,15.0
433,15.0
434,15.0
435,15.0
436,15.0
437,15.0
438,15.0
439,15.0
440,15.0
441,15.0
442,15.0
443,15.0
444,15.0
445,15.0
446,15.0
447,15.0
448,15.0
449,15.0
450,15.0
451,15.0
452,15.0
453,15.0
454,15.0
455,15.0
456,15.0
457,15.0
458,15.0
459,15.0
460,15.0
461,15.0
462,15.0
463,15.0
464,15.0
465,15.0
466,15.0
467,15.0
468,15.0
469,15.0
470,15.0
471,15.0
472,15.0
473,15.0
474,15.0
475,15.0
476,15.0
477,15.0
478,15.0
479,15.0
480,15.0
481,15.0
482,15.0
483,15.0
484,15.0
485,15.0
486,15.0
487,15.0
488,15.0
489,15.0
490,15.0
491,15.0
492,15.0
493,15.0
494,15.0
495,15.0
496,15.0
497,15.0
498,15.0
499,15.0
500,15.0
501,15.0
502,15.0
503,15.0
504,15.0
505,15.0
506,15.0
507,15.0
508,15.0
509,15.0
510,15.0
511,15.0
512,15.0
513,15.0
514,15.0
515,15.0
516,15.0
517,15.0
518,15.0
519,15.0
520,15.0
521,15.0
522,15.0
523,15.0
524,15.0
525,15.0
526,16.0
527,16.0
528,16.0
529,16.0
530,16.0
531,16.0
532,16.0
533,16.0
534,16.0
535,16.0
536,16.0
537,16.0
538,16.0
539,16.0
540,16.0
541,16.0
542,16.0
543,16.0
544,16.0
545,16.0
546,16.0
547,16.0
548,16.0
549,16.0
550,16.0
551,16.0
552,16.0
553,16.0
554,16.0
555,16.0
556,16.0
557,16.0
558,16.0
559,16.0
560,16.0
561,16.0
562,16.0
563,16.0
564,16.0
565,16.0
566,16.0
567,16.0
568,16.0
569,16.0
570,16.0
571,16.0
572,16.0
573,16.0
574,16.0
575,16.0
576,16.0
577,16.0
578,16.0
579,16.0
580,16.0
581,16.0
582,16.0
583,16.0
584,16.0
585,16.0
586,16.0
587,16.0
588,16.0
589,16.0
590,16.0
591,16.0
592,16.0
593,16.0
594,16.0
595,16.0
596,16.0
597,16.0
598,16.0
599,16.0
600,16.0
601,16.0
602,16.0
603,16.0
604,17.0
605,16.0
606,16.0
607,16.0
608,16.0
609,16.0
610,16.0
611,16.0
612,16.0
613,16.0
614,16.0
615,16.0
616,16.0
617,16.0
618,16.0
619,16.0
620,16.0
621,16.0
622,16.0
623,16.0
624,16.0
625,16.0
626,16.0
627,16.0
628,16.0
629,16.0
630,16.0
631,16.0
632,16.0
633,16.0
634,16.0
635,16.0
636,16.0
637,16.0
638,16.0
639,16.0
640,16.0
641,16.0
642,16.0
643,16.0
644,16.0
645,16.0
646,16.0
647,16.0
648,16.0
649,16.0
650,16.0
651,16.0
652,16.0
653,16.0
654,16.0
655,16.0
656,16.0
657,16.0
658,16.0
659,16.0
660,16.0
661,16.0
662,16.0
663,16.0
664,16.0
665,16.0
666,16.0
667,16.0
668,16.0
669,16.0
670,17.0
671,16.0
672,16.0
673,16.0
674,16.0
675,16.0
676,16.0
677,17.0
678,16.0
679,16.0
680,16.0
681,16.0
682,16.0
683,16.0
684,16.0
685,16.0
686,16.0
687,16.0
688,16.0
689,16.0
690,16.0
691,16.0
692,16.0
693,16.0
694,16.0
695,16.0
696,16.0
697,16.0
698,16.0
699,16.0
700,16.0
701,16.0
702,16.0
703,16.0
704,16.0
705,16.0
706,16.0
707,16.0
708,16.0
709,16.0
710,16.0
711,16.0
712,16.0
713,16.0
714,16.0
715,16.0
716,16.0
717,16.0
718,16.0
719,16.0
720,16.0
721,16.0
722,16.0
723,16.0
724,16.0
725,16.0
726,16.0
727,16.0
728,16.0
729,16.0
730,16.0
731,16.0
732,16.0
733,16.0
734,16.0
735,16.0
736,16.0
737,16.0
738,16.0
739,16.0
740,16.0
741,17.0
742,16.0
743,16.0
744,16.0
745,16.0
746,16.0
747,16.0
748,16.0
749,16.0
750,16.0
751,16.0
752,16.0
753,16.0
754,16.0
755,16.0
756,16.0
757,16.0
758,16.0
759,16.0
760,16.0
761,16.0
762,16.0
763,16.0
764,16.0
765,16.0
766,16.0
767,16.0
768,16.0
769,16.0
770,16.0
771,16.0
772,16.0
773,16.0
774,16.0
775,16.0
776,16.0
777,16.0
778,16.0
779,16.0
780,16.0
781,16.0
782,16.0
783,16.0
784,16.0
785,16.0
786,16.0
787,16.0
788,16.0
789,16.0
790,16.0
791,16.0
792,16.0
793,17.0
794,17.0
795,17.0
796,17.0
797,17.0
798,17.0
799,17.0
800,17.0
801,17.0
802,17.0
803,17.0
804,17.0
805,17.0
806,17.0
807,17.0
808,17.0
809,17.0
810,17.0
811,17.0
812,17.0
813,17.0
814,17.0
815,17.0
816,17.0
817,17.0
818,17.0
819,17.0
820,17.0
821,17.0
822,17.0
823,17.0
824,17.0
825,17.0
826,17.0
827,17.0
828,17.0
829,17.0
830,17.0
831,17.0
832,17.0
833,17.0
834,17.0
835,17.0
836,17.0
837,17.0
838,17.0
839,17.0
840,17.0
841,17.0
842,17.0
843,17.0
844,17.0
845,17.0
846,17.0
847,17.0
848,17.0
849,17.0
850,17.0
851,17.0
852,17.0
853,17.0
854,17.0
855,17.0
856,17.0
857,17.0
858,17.0
859,17.0
860,17.0
861,17.0
862,17.0
863,17.0
864,17.0
865,17.0
866,17.0
867,17.0
868,17.0
869,17.0
870,17.0
871,17.0
872,17.0
873,17.0
874,17.0
875,17.0
876,17.0
877,17.0
878,17.0
879,17.0
880,17.0
881,17.0
882,17.0
883,17.0
884,17.0
885,17.0
886,17.0
887,17.0
888,17.0
889,17.0
890,17.0
891,17.0
892,17.0
893,17.0
894,17.0
895,17.0
896,17.0
897,17.0
898,17.0
899,17.0
900,17.0
901,17.0
902,17.0
903,17.0
904,17.0
905,17.0
906,17.0
907,17.0
908,17.0
909,17.0
910,17.0
911,17.0
912,17.0
913,17.0
914,17.0
915,17.0
916,17.0
917,17.0
918,17.0
919,17.0
920,17.0
921,17.0
922,17.0
923,17.0
924,17.0
925,17.0
926,17.0
927,17.0
928,17.0
929,17.0
930,18.0
931,18.0
932,18.0
933,18.0
934,17.0
935,17.0
936,17.0
937,17.0
938,17.0
939,17.0
940,17.0
941,17.0
942,17.0
943,17.0
944,17.0
945,17.0
946,17.0
947,17.0
948,17.0
949,17.0
950,17.0
951,17.0
952,17.0
953,17.0
954,17.0
955,17.0
956,17.0
957,17.0
958,17.0
959,17.0
960,17.0
961,17.0
962,17.0
963,17.0
964,17.0
965,17.0
966,17.0
967,17.0
968,17.0
969,17.0
970,17.0
971,17.0
972,17.0
973,17.0
974,17.0
975,17.0
976,17.0
977,17.0
978,17.0
979,17.0
980,17.0
981,17.0
982,17.0
983,17.0
984,17.0
985,17.0
986,17.0
987,17.0
988,17.0
989,17.0
990,17.0
991,17.0
992,17.0
993,17.0
994,17.0
995,17.0
996,17.0
997,17.0
998,17.0
999,17.0
1000,17.0
1001,17.0
1002,17.0
1003,17.0
1004,17.0
1005,17.0
1006,17.0
1007,17.0
1008,17.0
1009,17.0
1010,17.0
1011,17.0
1012,17.0
1013,17.0
1014,17.0
1015,17.0
1016,17.0
1017,17.0
1018,17.0
1019,17.0
1020,17.0
1021,17.0
1022,17.0
1023,17.0
1024,18.0
1025,18.0
1026,17.0
1027,17.0
1028,17.0
1029,17.0
1030,17.0
1031,17.0
1032,17.0
1033,17.0
1034,17.0
1035,17.0
1036,17.0
1037,17.0
1038,17.0
1039,17.0
1040,17.0
1041,17.0
1042,17.0
1043,17.0
1044,17.0
1045,17.0
1046,17.0
1047,17.0
1048,17.0
1049,17.0
1050,17.0
1051,17.0
1052,17.0
1053,17.0
1054,17.0
1055,17.0
1056,17.0
1057,18.0
1058,18.0
1059,17.0
1060,17.0
1061,17.0
1062,17.0
1063,17.0
1064,17.0
1065,17.0
1066,17.0
1067,17.0
1068,18.0
1069,18.0
1070,18.0
1071,18.0
1072,18.0
1073,18.0
1074,18.0
1075,18.0
1076,18.0
1077,18.0
1078,18.0
1079,18.0
1080,18.0
1081,18.0
1082,18.0
1083,18.0
1084,18.0
1085,18.0
1086,18.0
1087,18.0
1088,18.0
1089,18.0
1090,18.0
1091,18.0
1092,18.0
1093,18.0
1094,18.0
1095,18.0
1096,18.0
1097,18.0
1098,18.0
1099,18.0
1100,18.0
1101,18.0
1102,18.0
1103,18.0
1104,18.0
1105,18.0
1106,18.0
1107,18.0
1108,18.0
1109,18.0
1110,18.0
1111,18.0
1112,18.0
1113,18.0
1114,18.0
1115,18.0
1116,18.0
1117,18.0
1118,18.0
1119,18.0
1120,18.0
1121,18.0
1122,18.0
1123,18.0
1124,18.0
1125,18.0
1126,18.0
1127,18.0
1128,18.0
1129,18.0
1130,18.0
1131,18.0
1132,18.0
1133,18.0
1134,18.0
1135,18.0
1136,18.0
1137,18.0
1138,18.0
1139,18.0
1140,18.0
1141,18.0
1142,18.0
1143,18.0
1144,18.0
1145,18.0
1146,18.0
1147,18.0
1148,18.0
1149,18.0
1150,18.0
1151,18.0
1152,18.0
1153,18.0
1154,18.0
1155,18.0
1156,18.0
1157,18.0
1158,18.0
1159,18.0
1160,18.0
1161,18.0
1162,18.0
1163,18.0
1164,18.0
1165,20.0
1166,20.0
1167,18.0
1168,18.0
1169,18.0
1170,18.0
1171,18.0
1172,18.0
1173,18.0
1174,18.0
1175,18.0
1176,18.0
1177,18.0
1178,18.0
1179,18.0
1180,18.0
1181,18.0
1182,18.0
1183,18.0
1184,18.0
1185,20.0
1186,20.0
1187,20.0
1188,20.0
1189,20.0
1190,18.0
1191,18.0
1192,18.0
1193,18.0
1194,18.0
1195,18.0
1196,18.0
1197,18.0
1198,18.0
1199,18.0
1200,18.0
1201,18.0
1202,18.0
1203,18.0
1204,18.0
1205,18.0
1206,20.0
1207,20.0
1208,20.0
1209,20.0
1210,20.0
1211,25.0
1212,20.0
1213,18.0
1214,18.0
1215,18.0
1216,18.0
1217,18.0
1218,18.0
1219,18.0
1220,25.0
1221,18.0
1222,18.0
1223,18.0
1224,18.0
1225,18.0
1226,18.0
1227,18.0
1228,18.0
1229,18.0
1230,18.0
1231,18.0
1232,18.0
1233,18.0
1234,18.0
1235,18.0
1236,18.0
1237,18.0
1238,18.0
1239,18.0
1240,18.0
1241,18.0
1242,18.0
1243,18.0
1244,20.0
1245,18.0
1246,18.0
1247,18.0
1248,18.0
1249,18.0
1250,18.0
1251,18.0
1252,18.0
1253,18.0
1254,18.0
1255,18.0
1256,18.0
1257,18.0
1258,18.0
1259,18.0
1260,18.0
1261,18.0
1262,18.0
1263,18.0
1264,18.0
1265,18.0
1266,18.0
1267,18.0
1268,18.0
1269,18.0
1270,18.0
1271,18.0
1272,18.0
1273,18.0
1274,18.0
1275,18.0
1276,18.0
1277,18.0
1278,18.0
1279,18.0
1280,18.0
1281,18.0
1282,18.0
1283,18.0
1284,18.0
1285,18.0
1286,18.0
1287,18.0
1288,18.0
1289,18.0
1290,18.0
1291,18.0
1292,18.0
1293,18.0
1294,18.0
1295,18.0
1296,18.0
1297,18.0
1298,18.0
1299,18.0
1300,18.0
1301,18.0
1302,18.0
1303,18.0
1304,18.0
1305,18.0
1306,18.0
1307,18.0
1308,18.0
1309,18.0
1310,18.0
1311,18.0
1312,20.0
1313,18.0
1314,18.0
1315,18.0
1316,18.0
1317,18.0
1318,18.0
1319,18.0
1320,18.0
1321,18.0
1322,18.0
1323,18.0
1324,20.0
1325,20.0
1326,18.0
1327,18.0
1328,18.0
1329,18.0
1330,18.0
1331,18.0
1332,18.0
1333,18.0
1334,18.0
1335,18.0
1336,18.0
1337,18.0
1338,18.0
1339,18.0
1340,18.0
1341,18.0
1342,20.0
1343,20.0
1344,18.0
1345,18.0
1346,18.0
1347,18.0
1348,18.0
1349,18.0
1350,18.0
1351,18.0
1352,20.0
1353,18.0
1354,18.0
1355,18.0
1356,18.0
1357,18.0
1358,18.0
1359,18.0
1360,18.0
1361,18.0
1362,18.0
1363,18.0
1364,18.0
1365,18.0
1366,18.0
1367,18.0
1368,18.0
1369,18.0
1370,18.0
1371,18.0
1372,18.0
1373,18.0
1374,18.0
1375,18.0
1376,18.0
1377,18.0
1378,18.0
1379,20.0
1380,20.0
1381,18.0
1382,18.0
1383,18.0
1384,18.0
1385,18.0
1386,18.0
1387,18.0
1388,18.0
1389,18.0
1390,20.0
1391,20.0
1392,20.0
1393,20.0
1394,20.0
1395,20.0
1396,20.0
1397,20.0
1398,20.0
1399,20.0
1400,20.0
1401,20.0
1402,20.0
1403,20.0
1404,20.0
1405,20.0
1406,20.0
1407,20.0
1408,20.0
1409,20.0
1410,20.0
1411,20.0
1412,20.0
1413,20.0
1414,20.0
1415,20.0
1416,20.0
1417,25.0
1418,25.0
1419,25.0
1420,25.0
1421,25.0
1422,25.0
1423,25.0
1424,25.0
1425,25.0
1426,25.0
1427,25.0
1428,25.0
1429,25.0
1430,25.0
1431,25.0
1432,25.0
1433,25.0
1434,25.0
1435,25.0
1436,25.0
1437,25.0
1438,25.0
1439,25.0
1440,25.0
1441,25.0
1442,25.0
1443,25.0
1444,25.0
1445,25.0
1446,25.0
1447,26.0
1448,25.0
1449,25.0
1450,25.0
1451,25.0
1452,25.0
1453,25.0
1454,25.0
1455,25.0
1456,25.0
1457,25.0
1458,25.0
1459,25.0
1460,25.0
1461,25.0
1462,25.0
1463,25.0
1464,25.0
1465,25.0
1466,25.0
1467,25.0
1468,25.0
1469,25.0
1470,25.0
1471,25.0
1472,25.0
1473,25.0
1474,25.0
1475,25.0
1476,25.0
1477,25.0
1478,25.0
1479,25.0
1480,25.0
1481,26.0
1482,26.0
1483,26.0
1484,26.0
1485,26.0
1486,26.0
1487,26.0
1488,26.0
1489,26.0
1490,26.0
1491,26.0
1492,26.0
1493,26.0
1494,26.0
1495,26.0
1496,26.0
1497,26.0
1498,26.0
1499,26.0
1500,26.0
1501,26.0
1502,25.0
1503,25.0
1504,25.0
1505,25.0
1506,25.0
1507,25.0
1508,25.0
1509,25.0
1510,25.0
1511,25.0
1512,25.0
1513,25.0
1514,25.0
1515,25.0
1516,25.0
1517,25.0
1518,25.0
1519,25.0
1520,25.0
1521,25.0
1522,25.0
1523,25.0
1524,25.0
1525,25.0
1526,25.0
1527,25.0
1528,25.0
1529,25.0
1530,25.0
1531,25.0
1532,25.0
1533,25.0
1534,25.0
1535,25.0
1536,25.0
1537,25.0
1538,25.0
1539,25.0
1540,25.0
1541,25.0
1542,25.0
1543,25.0
1544,25.0
1545,25.0
1546,25.0
1547,25.0
1548,25.0
1549,25.0
1550,25.0
1551,25.0
1552,25.0
1553,25.0
1554,25.0
1555,25.0
1556,25.0
1557,25.0
1558,25.0
1559,25.0
1560,25.0
1561,25.0
1562,25.0
1563,25.0
1564,25.0
1565,25.0
1566,25.0
1567,25.0
1568,25.0
1569,25.0
1570,25.0
1571,25.0
1572,26.0
1573,25.0
1574,25.0
1575,25.0
1576,25.0
1577,25.0
1578,25.0
1579,25.0
1580,25.0
1581,25.0
1582,25.0
1583,25.0
1584,25.0
1585,25.0
1586,25.0
1587,25.0
1588,25.0
1589,25.0
1590,25.0
1591,25.0
1592,25.0
1593,25.0
1594,25.0
1595,25.0
1596,25.0
1597,25.0
1598,25.0
1599,25.0
1600,25.0
1601,25.0
1602,25.0
1603,25.0
1604,25.0
1605,25.0
1606,25.0
1607,25.0
1608,25.0
1609,25.0
1610,25.0
1611,25.0
1612,25.0
1613,25.0
1614,25.0
1615,26.0
1616,26.0
1617,26.0
1618,26.0
1619,26.0
1620,26.0
1621,26.0
1622,26.0
1623,26.0
1624,26.0
1625,26.0
1626,25.0
1627,25.0
1628,25.0
1629,25.0
1630,25.0
1631,25.0
1632,25.0
1633,25.0
1634,25.0
1635,25.0
1636,25.0
1637,25.0
1638,25.0
1639,25.0
1640,25.0
1641,25.0
1642,25.0
1643,25.0
1644,25.0
1645,25.0
1646,25.0
1647,25.0
1648,25.0
1649,25.0
1650,25.0
1651,25.0
1652,25.0
1653,25.0
1654,25.0
1655,25.0
1656,25.0
1657,25.0
1658,25.0
1659,25.0
1660,25.0
1661,25.0
1662,25.0
1663,25.0
1664,25.0
1665,25.0
1666,25.0
1667,25.0
1668,25.0
1669,25.0
1670,25.0
1671,25.0
1672,25.0
1673,25.0
1674,25.0
1675,25.0
1676,25.0
1677,25.0
1678,25.0
1679,25.0
1680,25.0
1681,25.0
1682,25.0
1683,25.0
1684,25.0
1685,25.0
1686,25.0
1687,25.0
1688,25.0
1689,25.0
1690,25.0
1691,25.0
1692,25.0
1693,25.0
1694,25.0
1695,25.0
1696,25.0
1697,25.0
1698,25.0
1699,25.0
1700,25.0
1701,25.0
1702,26.0
1703,25.0
1704,25.0
1705,25.0
1706,25.0
1707,25.0
1708,25.0
1709,25.0
1710,25.0
1711,25.0
1712,25.0
1713,25.0
1714,25.0
1715,25.0
1716,25.0
1717,25.0
1718,25.0
1719,25.0
1720,25.0
1721,25.0
1722,25.0
1723,25.0
1724,25.0
1725,25.0
1726,25.0
1727,25.0
1728,25.0
1729,25.0
1730,25.0
1731,25.0
1732,25.0
1733,25.0
1734,25.0
1735,25.0
1736,25.0
1737,25.0
1738,25.0
1739,25.0
1740,25.0
1741,25.0
1742,25.0
1743,25.0
1744,25.0
1745,25.0
1746,25.0
1747,25.0
1748,25.0
1749,25.0
1750,25.0
1751,25.0
1752,25.0
1753,25.0
1754,25.0
1755,25.0
1756,25.0
1757,25.0
1758,25.0
1759,25.0
1760,25.0
1761,25.0
1762,25.0
1763,25.0
1764,25.0
1765,25.0
1766,25.0
1767,25.0
1768,25.0
1769,25.0
1770,25.0
1771,25.0
1772,25.0
1773,25.0
1774,25.0
1775,25.0
1776,25.0
1777,25.0
1778,25.0
1779,25.0
1780,25.0
1781,25.0
1782,25.0
1783,25.0
1784,25.0
1785,25.0
1786,25.0
1787,25.0
1788,25.0
1789,25.0
1790,25.0
1791,25.0
1792,25.0
1793,25.0
1794,25.0
1795,25.0
1796,25.0
1797,25.0
1798,25.0
1799,25.0
1800,25.0
1801,25.0
1802,25.0
1803,25.0
1804,25.0
1805,25.0
1806,25.0
1807,25.0
1808,25.0
1809,25.0
1810,25.0
1811,25.0
1812,25.0
1813,25.0
1814,25.0
1815,25.0
1816,25.0
1817,25.0
1818,25.0
1819,25.0
1820,25.0
1821,25.0
1822,25.0
1823,25.0
1824,25.0
1825,25.0
1826,25.0
1827,25.0
1828,25.0
1829,25.0
1830,25.0
1831,25.0
1832,25.0
1833,25.0
1834,25.0
1835,25.0
1836,25.0
1837,25.0
1838,25.0
1839,25.0
1840,25.0
1841,25.0
1842,25.0
1843,25.0
1844,25.0
1845,25.0
1846,25.0
1847,25.0
1848,25.0
1849,25.0
1850,25.0
1851,25.0
1852,25.0
1853,25.0
1854,25.0
1855,25.0
1856,25.0
1857,25.0
1858,25.0
1859,25.0
1860,26.0
1861,25.0
1862,25.0
1863,25.0
1864,25.0
1865,25.0
1866,25.0
1867,25.0
1868,25.0
1869,25.0
1870,25.0
1871,25.0
1872,25.0
1873,25.0
1874,25.0
1875,25.0
1876,25.0
1877,25.0
1878,25.0
1879,25.0
1880,25.0
1881,25.0
1882,25.0
1883,25.0
1884,25.0
1885,25.0
1886,25.0
1887,25.0
1888,25.0
1889,25.0
1890,25.0
1891,25.0
1892,25.0
1893,25.0
1894,25.0
1895,25.0
1896,25.0
1897,25.0
1898,26.0
1899,25.0
1900,25.0
1901,25.0
1902,25.0
1903,25.0
1904,25.0
1905,25.0
1906,25.0
1907,25.0
1908,25.0
1909,25.0
1910,25.0
1911,25.0
1912,25.0
1913,25.0
1914,25.0
1915,25.0
1916,25.0
1917,25.0
1918,25.0
1919,25.0
1920,25.0
1921,25.0
1922,25.0
1923,25.0
1924,25.0
1925,25.0
1926,25.0
1927,25.0
1928,25.0
1929,25.0
1930,25.0
1931,25.0
1932,25.0
1933,25.0
1934,25.0
1935,25.0
1936,25.0
1937,25.0
1938,25.0
1939,25.0
1940,25.0
1941,25.0
1942,25.0
1943,25.0
1944,25.0
1945,25.0
1946,25.0
1947,25.0
1948,25.0
1949,25.0
1950,26.0
1951,26.0
1952,26.0
1953,25.0
1954,25.0
1955,25.0
1956,25.0
1957,25.0
1958,25.0
1959,25.0
1960,25.0
1961,25.0
1962,25.0
1963,25.0
1964,25.0
1965,25.0
1966,25.0
1967,25.0
1968,25.0
1969,25.0
1970,25.0
1971,25.0
1972,25.0
1973,25.0
1974,25.0
1975,25.0
1976,25.0
1977,25.0
1978,25.0
1979,25.0
1980,25.0
1981,25.0
1982,25.0
1983,25.0
1984,26.0
1985,26.0
1986,26.0
1987,26.0
1988,26.0
1989,26.0
1990,26.0
1991,25.0
1992,25.0
1993,25.0
1994,25.0
1995,25.0
1996,25.0
1997,25.0
1998,25.0
1999,25.0
2000,25.0
2001,25.0
2002,25.0
2003,25.0
2004,25.0
2005,25.0
2006,25.0
2007,25.0
2008,25.0
2009,25.0
2010,25.0
2011,25.0
2012,25.0
2013,25.0
2014,25.0
2015,25.0
2016,25.0
2017,25.0
2018,25.0
2019,25.0
2020,25.0
2021,25.0
2022,25.0
2023,25.0
2024,25.0
2025,25.0
2026,25.0
2027,25.0
2028,25.0
2029,25.0
2030,25.0
2031,25.0
2032,25.0
2033,25.0
2034,25.0
2035,25.0
2036,25.0
2037,25.0
2038,25.0
2039,25.0
2040,25.0
2041,25.0
2042,25.0
2043,25.0
2044,25.0
2045,25.0
2046,26.0
2047,26.0
2048,26.0
2049,26.0
2050,26.0
2051,26.0
2052,26.0
2053,26.0
2054,26.0
2055,26.0
2056,26.0
2057,26.0
2058,26.0
2059,26.0
2060,26.0
2061,26.0
2062,26.0
2063,26.0
2064,26.0
2065,26.0
2066,26.0
2067,26.0
2068,26.0
2069,26.0
2070,26.0
2071,26.0
2072,26.0
2073,26.0
2074,26.0
2075,26.0
2076,26.0
2077,26.0
2078,26.0
2079,26.0
2080,26.0
2081,26.0
2082,26.0
2083,26.0
2084,26.0
2085,26.0
2086,26.0
2087,26.0
2088,26.0
2089,26.0
2090,26.0
2091,26.0
2092,26.0
2093,26.0
2094,26.0
2095,26.0
2096,26.0
2097,26.0
2098,26.0
2099,26.0
2100,26.0
2101,26.0
2102,26.0
2103,26.0
2104,26.0
2105,26.0
2106,26.0
2107,26.0
2108,26.0
2109,26.0
2110,26.0
2111,26.0
2112,26.0
2113,26.0
2114,26.0
2115,26.0
2116,26.0
2117,26.0
2118,26.0
2119,26.0
2120,26.0
2121,26.0
2122,26.0
2123,26.0
2124,26.0
2125,26.0
2126,26.0
2127,26.0
2128,26.0
2129,26.0
2130,26.0
2131,26.0
2132,26.0
2133,26.0
2134,26.0
2135,26.0
2136,26.0
2137,26.0
2138,26.0
2139,26.0
2140,26.0
2141,26.0
2142,26.0
2143,26.0
2144,26.0
2145,26.0
2146,26.0
2147,26.0
2148,26.0
2149,26.0
2150,26.0
2151,26.0
2152,26.0
2153,26.0
2154,26.0
2155,26.0
2156,26.0
2157,26.0
2158,26.0
2159,26.0
2160,26.0
2161,28.0
2162,28.0
2163,26.0
2164,26.0
2165,26.0
2166,26.0
2167,26.0
2168,26.0
2169,26.0
2170,26.0
2171,26.0
2172,26.0
2173,26.0
2174,26.0
2175,26.0
2176,26.0
2177,26.0
2178,26.0
2179,26.0
2180,26.0
2181,26.0
2182,26.0
2183,26.0
2184,26.0
2185,26.0
2186,26.0
2187,26.0
2188,26.0
2189,26.0
2190,26.0
2191,26.0
2192,26.0
2193,26.0
2194,26.0
2195,26.0
2196,26.0
2197,26.0
2198,26.0
2199,26.0
2200,26.0
2201,26.0
2202,26.0
2203,26.0
2204,26.0
2205,26.0
2206,26.0
2207,26.0
2208,28.0
2209,26.0
2210,26.0
2211,26.0
2212,26.0
2213,26.0
2214,26.0
2215,26.0
2216,26.0
2217,26.0
2218,26.0
2219,26.0
2220,26.0
2221,26.0
2222,26.0
2223,26.0
2224,26.0
2225,26.0
2226,26.0
2227,26.0
2228,26.0
2229,26.0
2230,26.0
2231,26.0
2232,26.0
2233,26.0
2234,26.0
2235,26.0
2236,26.0
2237,26.0
2238,26.0
2239,26.0
2240,26.0
2241,26.0
2242,26.0
2243,26.0
2244,26.0
2245,26.0
2246,26.0
2247,26.0
2248,26.0
2249,26.0
2250,26.0
2251,26.0
2252,26.0
2253,26.0
2254,26.0
2255,26.0
2256,26.0
2257,26.0
2258,26.0
2259,26.0
2260,26.0
2261,26.0
2262,26.0
2263,26.0
2264,26.0
2265,26.0
2266,28.0
2267,28.0
2268,28.0
2269,28.0
2270,28.0
2271,28.0
2272,28.0
2273,28.0
2274,28.0
2275,26.0
2276,26.0
2277,26.0
2278,26.0
2279,26.0
2280,26.0
2281,26.0
2282,26.0
2283,26.0
2284,26.0
2285,26.0
2286,26.0
2287,26.0
2288,26.0
2289,26.0
2290,26.0
2291,26.0
2292,26.0
2293,26.0
2294,26.0
2295,26.0
2296,26.0
2297,26.0
2298,26.0
2299,26.0
2300,26.0
2301,26.0
2302,26.0
2303,26.0
2304,26.0
2305,26.0
2306,26.0
2307,26.0
2308,26.0
2309,26.0
2310,26.0
2311,26.0
2312,26.0
2313,26.0
2314,26.0
2315,26.0
2316,26.0
2317,26.0
2318,26.0
2319,26.0
2320,26.0
2321,26.0
2322,26.0
2323,26.0
2324,26.0
2325,26.0
2326,26.0
2327,26.0
2328,26.0
2329,26.0
2330,26.0
2331,26.0
2332,26.0
2333,26.0
2334,26.0
2335,26.0
2336,26.0
2337,26.0
2338,26.0
2339,28.0
2340,26.0
2341,26.0
2342,26.0
2343,26.0
2344,26.0
2345,26.0
2346,26.0
2347,26.0
2348,26.0
2349,26.0
2350,26.0
2351,28.0
2352,28.0
2353,26.0
2354,26.0
2355,26.0
2356,26.0
2357,26.0
2358,26.0
2359,26.0
2360,26.0
2361,26.0
2362,26.0
2363,26.0
2364,26.0
2365,26.0
2366,26.0
2367,26.0
2368,26.0
2369,26.0
2370,26.0
2371,26.0
2372,26.0
2373,26.0
2374,26.0
2375,26.0
2376,26.0
2377,26.0
2378,26.0
2379,26.0
2380,26.0
2381,26.0
2382,26.0
2383,26.0
2384,26.0
2385,26.0
2386,26.0
2387,26.0
2388,26.0
2389,26.0
2390,26.0
2391,26.0
2392,26.0
2393,26.0
2394,26.0
2395,26.0
2396,26.0
2397,28.0
2398,26.0
2399,26.0
2400,26.0
2401,26.0
2402,26.0
2403,26.0
2404,26.0
2405,26.0
2406,26.0
2407,26.0
2408,26.0
2409,26.0
2410,26.0
2411,26.0
2412,26.0
2413,26.0
2414,26.0
2415,26.0
2416,28.0
2417,28.0
2418,26.0
2419,26.0
2420,26.0
2421,26.0
2422,26.0
2423,26.0
2424,26.0
2425,26.0
2426,26.0
2427,28.0
2428,26.0
2429,26.0
2430,26.0
2431,26.0
2432,26.0
2433,26.0
2434,26.0
2435,26.0
2436,26.0
2437,26.0
2438,26.0
2439,26.0
2440,26.0
2441,26.0
2442,26.0
2443,26.0
2444,26.0
2445,26.0
2446,26.0
2447,26.0
2448,26.0
2449,28.0
2450,28.0
2451,28.0
2452,28.0
2453,26.0
2454,26.0
2455,26.0
2456,26.0
2457,26.0
2458,26.0
2459,26.0
2460,26.0
2461,26.0
2462,26.0
2463,26.0
2464,26.0
2465,26.0
2466,26.0
2467,26.0
2468,26.0
2469,26.0
2470,26.0
2471,26.0
2472,26.0
2473,26.0
2474,26.0
2475,26.0
2476,26.0
2477,26.0
2478,26.0
2479,26.0
2480,26.0
2481,26.0
2482,26.0
2483,26.0
2484,26.0
2485,26.0
2486,26.0
2487,26.0
2488,26.0
2489,26.0
2490,26.0
2491,26.0
2492,26.0
2493,26.0
2494,26.0
2495,26.0
2496,26.0
2497,26.0
2498,26.0
2499,26.0
2500,26.0
2501,26.0
2502,26.0
2503,26.0
2504,26.0
2505,26.0
2506,26.0
2507,26.0
2508,26.0
2509,26.0
2510,26.0
2511,26.0
2512,26.0
2513,26.0
2514,26.0
2515,26.0
2516,26.0
2517,26.0
2518,26.0
2519,26.0
2520,26.0
2521,28.0
2522,28.0
2523,28.0
2524,28.0
2525,26.0
2526,26.0
2527,26.0
2528,26.0
2529,26.0
2530,26.0
2531,26.0
2532,26.0
2533,26.0
2534,26.0
2535,26.0
2536,26.0
2537,26.0
2538,26.0
2539,26.0
2540,26.0
2541,26.0
2542,26.0
2543,26.0
2544,26.0
2545,26.0
2546,26.0
2547,26.0
2548,26.0
2549,26.0
2550,26.0
2551,26.0
2552,26.0
2553,26.0
2554,26.0
2555,26.0
2556,28.0
2557,26.0
2558,26.0
2559,26.0
2560,26.0
2561,26.0
2562,26.0
2563,26.0
2564,26.0
2565,26.0
2566,26.0
2567,26.0
2568,26.0
2569,26.0
2570,26.0
2571,26.0
2572,26.0
2573,26.0
2574,26.0
2575,26.0
2576,26.0
2577,26.0
2578,26.0
2579,26.0
2580,26.0
2581,26.0
2582,26.0
2583,26.0
2584,26.0
2585,26.0
2586,26.0
2587,26.0
2588,26.0
2589,26.0
2590,26.0
2591,26.0
2592,26.0
2593,26.0
2594,26.0
2595,26.0
2596,26.0
2597,26.0
2598,26.0
2599,26.0
2600,26.0
2601,26.0
2602,26.0
2603,26.0
2604,26.0
2605,26.0
2606,26.0
2607,26.0
2608,26.0
2609,26.0
2610,26.0
2611,26.0
2612,26.0
2613,26.0
2614,26.0
2615,26.0
2616,26.0
2617,26.0
2618,26.0
2619,26.0
2620,26.0
2621,26.0
2622,26.0
2623,26.0
2624,26.0
2625,26.0
2626,26.0
2627,26.0
2628,26.0
2629,26.0
2630,26.0
2631,26.0
2632,26.0
2633,26.0
2634,26.0
2635,26.0
2636,26.0
2637,26.0
2638,26.0
2639,26.0
2640,26.0
2641,26.0
2642,26.0
2643,26.0
2644,26.0
2645,26.0
2646,26.0
2647,26.0
2648,26.0
2649,26.0
2650,26.0
2651,26.0
2652,26.0
2653,26.0
2654,26.0
2655,26.0
2656,26.0
2657,26.0
2658,26.0
2659,26.0
2660,26.0
2661,26.0
2662,26.0
2663,26.0
2664,26.0
2665,26.0
2666,26.0
2667,26.0
2668,26.0
2669,26.0
2670,26.0
2671,26.0
2672,26.0
2673,26.0
2674,28.0
2675,28.0
2676,28.0
2677,28.0
2678,28.0
2679,26.0
2680,26.0
2681,28.0
2682,28.0
2683,28.0
2684,28.0
2685,28.0
2686,28.0
2687,28.0
2688,26.0
2689,26.0
2690,26.0
2691,26.0
2692,26.0
2693,26.0
2694,26.0
2695,26.0
2696,26.0
2697,26.0
2698,26.0
2699,26.0
2700,26.0
2701,26.0
2702,26.0
2703,26.0
2704,26.0
2705,26.0
2706,26.0
2707,26.0
2708,26.0
2709,26.0
2710,26.0
2711,26.0
2712,26.0
2713,26.0
2714,26.0
2715,26.0
2716,26.0
2717,26.0
2718,26.0
2719,26.0
2720,26.0
2721,26.0
2722,26.0
2723,26.0
2724,26.0
2725,28.0
2726,28.0
2727,28.0
2728,28.0
2729,28.0
2730,28.0
2731,28.0
2732,28.0
2733,26.0
2734,26.0
2735,28.0
2736,28.0
2737,28.0
2738,28.0
2739,28.0
2740,28.0
2741,28.0
2742,28.0
2743,28.0
2744,28.0
2745,28.0
2746,28.0
2747,28.0
2748,28.0
2749,28.0
2750,28.0
2751,28.0
2752,28.0
2753,28.0
2754,28.0
2755,28.0
2756,28.0
2757,28.0
2758,28.0
2759,28.0
2760,28.0
2761,28.0
2762,28.0
2763,28.0
2764,28.0
2765,28.0
2766,28.0
2767,28.0
2768,28.0
2769,28.0
2770,28.0
2771,28.0
2772,28.0
2773,28.0
2774,28.0
2775,28.0
2776,28.0
2777,28.0
2778,28.0
2779,28.0
2780,28.0
2781,28.0
2782,28.0
2783,28.0
2784,28.0
2785,28.0
2786,28.0
2787,28.0
2788,28.0
2789,28.0
2790,28.0
2791,28.0
2792,28.0
2793,28.0
2794,28.0
2795,28.0
2796,28.0
2797,28.0
2798,28.0
2799,28.0
2800,30.0
2801,30.0
2802,30.0
2803,28.0
2804,28.0
2805,28.0
2806,28.0
2807,28.0
2808,28.0
2809,28.0
2810,28.0
2811,28.0
2812,28.0
2813,28.0
2814,28.0
2815,28.0
2816,28.0
2817,28.0
2818,28.0
2819,28.0
2820,28.0
2821,28.0
2822,28.0
2823,28.0
2824,28.0
2825,28.0
2826,28.0
2827,28.0
2828,28.0
2829,28.0
2830,28.0
2831,28.0
2832,28.0
2833,28.0
2834,30.0
2835,30.0
2836,28.0
2837,28.0
2838,28.0
2839,28.0
2840,28.0
2841,28.0
2842,28.0
2843,28.0
2844,28.0
2845,28.0
2846,28.0
2847,28.0
2848,28.0
2849,28.0
2850,28.0
2851,28.0
2852,28.0
2853,28.0
2854,28.0
2855,28.0
2856,28.0
2857,28.0
2858,28.0
2859,28.0
2860,28.0
2861,28.0
2862,28.0
2863,28.0
2864,28.0
2865,28.0
2866,28.0
2867,28.0
2868,28.0
2869,28.0
2870,28.0
2871,28.0
2872,28.0
2873,28.0
2874,28.0
2875,28.0
2876,28.0
2877,28.0
2878,28.0
2879,28.0
2880,28.0
2881,28.0
2882,28.0
2883,28.0
2884,28.0
2885,28.0
2886,28.0
2887,28.0
2888,28.0
2889,28.0
2890,28.0
2891,28.0
2892,28.0
2893,28.0
2894,28.0
2895,28.0
2896,28.0
2897,28.0
2898,28.0
2899,28.0
2900,28.0
2901,28.0
2902,28.0
2903,28.0
2904,28.0
2905,28.0
2906,28.0
2907,28.0
2908,28.0
2909,28.0
2910,28.0
2911,28.0
2912,28.0
2913,28.0
2914,28.0
2915,28.0
2916,28.0
2917,28.0
2918,28.0
2919,28.0
2920,28.0
2921,28.0
2922,30.0
2923,30.0
2924,30.0
2925,30.0
2926,30.0
2927,30.0
2928,30.0
2929,30.0
2930,30.0
2931,30.0
2932,30.0
2933,30.0
2934,30.0
2935,30.0
2936,30.0
2937,30.0
2938,30.0
2939,30.0
2940,30.0
2941,30.0
2942,30.0
2943,30.0
2944,30.0
2945,30.0
2946,30.0
2947,30.0
2948,30.0
2949,30.0
2950,30.0
2951,30.0
2952,30.0
2953,30.0
2954,30.0
2955,30.0
2956,30.0
2957,30.0
2958,30.0
2959,30.0
2960,30.0
2961,30.0
2962,30.0
2963,30.0
2964,30.0
2965,30.0
2966,30.0
2967,30.0
2968,30.0
2969,30.0
2970,30.0
2971,30.0
2972,30.0
2973,30.0
2974,30.0
2975,30.0
2976,30.0
2977,30.0
2978,30.0
2979,30.0
2980,30.0
2981,30.0
2982,31.0
2983,30.0
2984,30.0
2985,30.0
2986,30.0
2987,30.0
2988,30.0
2989,30.0
2990,30.0
2991,30.0
2992,30.0
2993,30.0
2994,30.0
2995,30.0
2996,30.0
2997,30.0
2998,30.0
2999,30.0
3000,30.0
3001,30.0
3002,30.0
3003,30.0
3004,30.0
3005,30.0
3006,31.0
3007,30.0
3008,30.0
3009,30.0
3010,30.0
3011,30.0
3012,30.0
3013,30.0
3014,30.0
3015,30.0
3016,30.0
3017,30.0
3018,30.0
3019,30.0
3020,30.0
3021,30.0
3022,30.0
3023,30.0
3024,30.0
3025,30.0
3026,30.0
3027,30.0
3028,30.0
3029,30.0
3030,30.0
3031,30.0
3032,30.0
3033,30.0
3034,30.0
3035,30.0
3036,30.0
3037,30.0
3038,30.0
3039,30.0
3040,30.0
3041,30.0
3042,30.0
3043,30.0
3044,30.0
3045,30.0
3046,30.0
3047,30.0
3048,30.0
3049,30.0
3050,30.0
3051,30.0
3052,30.0
3053,30.0
3054,30.0
3055,30.0
3056,30.0
3057,30.0
3058,30.0
3059,30.0
3060,31.0
3061,31.0
3062,31.0
3063,31.0
3064,31.0
3065,31.0
3066,31.0
3067,31.0
3068,31.0
3069,31.0
3070,31.0
3071,31.0
3072,31.0
3073,31.0
3074,30.0
3075,30.0
3076,30.0
3077,30.0
3078,30.0
3079,30.0
3080,30.0
3081,30.0
3082,30.0
3083,30.0
3084,30.0
3085,30.0
3086,30.0
3087,30.0
3088,30.0
3089,30.0
3090,30.0
3091,30.0
3092,30.0
3093,30.0
3094,30.0
3095,30.0
3096,30.0
3097,30.0
3098,30.0
3099,30.0
3100,30.0
3101,30.0
3102,30.0
3103,30.0
3104,30.0
3105,30.0
3106,30.0
3107,30.0
3108,30.0
3109,30.0
3110,30.0
3111,30.0
3112,30.0
3113,30.0
3114,30.0
3115,30.0
3116,30.0
3117,30.0
3118,30.0
3119,30.0
3120,30.0
3121,30.0
3122,30.0
3123,30.0
3124,30.0
3125,30.0
3126,30.0
3127,30.0
3128,30.0
3129,30.0
3130,30.0
3131,30.0
3132,30.0
3133,30.0
3134,30.0
3135,31.0
3136,31.0
3137,30.0
3138,30.0
3139,30.0
3140,30.0
3141,30.0
3142,30.0
3143,30.0
3144,30.0
3145,30.0
3146,30.0
3147,30.0
3148,30.0
3149,30.0
3150,30.0
3151,30.0
3152,30.0
3153,30.0
3154,30.0
3155,30.0
3156,30.0
3157,30.0
3158,30.0
3159,30.0
3160,30.0
3161,30.0
3162,30.0
3163,30.0
3164,30.0
3165,30.0
3166,30.0
3167,30.0
3168,30.0
3169,30.0
3170,30.0
3171,30.0
3172,30.0
3173,30.0
3174,30.0
3175,30.0
3176,30.0
3177,30.0
3178,30.0
3179,30.0
3180,30.0
3181,30.0
3182,30.0
3183,30.0
3184,30.0
3185,30.0
3186,30.0
3187,30.0
3188,30.0
3189,30.0
3190,30.0
3191,30.0
3192,30.0
3193,30.0
3194,30.0
3195,31.0
3196,31.0
3197,31.0
3198,31.0
3199,31.0
3200,30.0
3201,30.0
3202,30.0
3203,30.0
3204,30.0
3205,30.0
3206,30.0
3207,30.0
3208,30.0
3209,30.0
3210,30.0
3211,30.0
3212,30.0
3213,30.0
3214,30.0
3215,30.0
3216,30.0
3217,30.0
3218,30.0
3219,30.0
3220,30.0
3221,30.0
3222,31.0
3223,31.0
3224,31.0
3225,31.0
3226,31.0
3227,31.0
3228,31.0
3229,31.0
3230,31.0
3231,31.0
3232,31.0
3233,31.0
3234,31.0
3235,31.0
3236,31.0
3237,31.0
3238,31.0
3239,31.0
3240,31.0
3241,31.0
3242,31.0
3243,31.0
3244,31.0
3245,31.0
3246,31.0
3247,31.0
3248,31.0
3249,31.0
3250,31.0
3251,31.0
3252,31.0
3253,31.0
3254,31.0
3255,31.0
3256,31.0
3257,31.0
3258,31.0
3259,31.0
3260,31.0
3261,31.0
3262,31.0
3263,31.0
3264,31.0
3265,31.0
3266,31.0
3267,31.0
3268,31.0
3269,31.0
3270,31.0
3271,31.0
3272,31.0
3273,31.0
3274,31.0
3275,31.0
3276,31.0
3277,31.0
3278,31.0
3279,31.0
3280,31.0
3281,31.0
3282,31.0
3283,31.0
3284,31.0
3285,31.0
3286,31.0
3287,31.0
3288,31.0
3289,31.0
3290,31.0
3291,31.0
3292,31.0
3293,31.0
3294,31.0
3295,31.0
3296,31.0
3297,31.0
3298,31.0
3299,31.0
3300,31.0
3301,31.0
3302,31.0
3303,31.0
3304,31.0
3305,31.0
3306,31.0
3307,31.0
3308,31.0
3309,31.0
3310,31.0
3311,31.0
3312,31.0
3313,31.0
3314,31.0
3315,31.0
3316,31.0
3317,31.0
3318,31.0
3319,31.0
3320,31.0
3321,31.0
3322,31.0
3323,31.0
3324,31.0
3325,31.0
3326,31.0
3327,31.0
3328,31.0
3329,31.0
3330,31.0
3331,31.0
3332,31.0
3333,31.0
3334,31.0
3335,31.0
3336,31.0
3337,31.0
3338,31.0
3339,31.0
3340,31.0
3341,31.0
3342,31.0
3343,31.0
3344,31.0
3345,31.0
3346,31.0
3347,31.0
3348,31.0
3349,31.0
3350,31.0
3351,31.0
3352,31.0
3353,31.0
3354,31.0
3355,31.0
3356,31.0
3357,31.0
3358,31.0
3359,31.0
3360,31.0
3361,31.0
3362,31.0
3363,31.0
3364,31.0
3365,31.0
3366,31.0
3367,31.0
3368,31.0
3369,31.0
3370,34.0
3371,34.0
3372,31.0
3373,31.0
3374,31.0
3375,31.0
3376,31.0
3377,31.0
3378,31.0
3379,31.0
3380,31.0
3381,31.0
3382,31.0
3383,31.0
3384,31.0
3385,31.0
3386,31.0
3387,31.0
3388,31.0
3389,31.0
3390,31.0
3391,31.0
3392,31.0
3393,31.0
3394,31.0
3395,31.0
3396,31.0
3397,31.0
3398,31.0
3399,31.0
3400,31.0
3401,31.0
3402,31.0
3403,31.0
3404,31.0
3405,31.0
3406,31.0
3407,31.0
3408,31.0
3409,31.0
3410,31.0
3411,31.0
3412,31.0
3413,31.0
3414,31.0
3415,31.0
3416,31.0
3417,31.0
3418,31.0
3419,31.0
3420,31.0
3421,31.0
3422,31.0
3423,31.0
3424,31.0
3425,31.0
3426,31.0
3427,31.0
3428,31.0
3429,31.0
3430,31.0
3431,31.0
3432,31.0
3433,31.0
3434,31.0
3435,31.0
3436,31.0
3437,31.0
3438,31.0
3439,31.0
3440,31.0
3441,31.0
3442,31.0
3443,31.0
3444,31.0
3445,31.0
3446,31.0
3447,31.0
3448,31.0
3449,31.0
3450,31.0
3451,31.0
3452,31.0
3453,31.0
3454,31.0
3455,31.0
3456,31.0
3457,31.0
3458,31.0
3459,31.0
3460,31.0
3461,31.0
3462,31.0
3463,31.0
3464,31.0
3465,31.0
3466,31.0
3467,31.0
3468,31.0
3469,31.0
3470,31.0
3471,31.0
3472,31.0
3473,31.0
3474,31.0
3475,31.0
3476,31.0
3477,31.0
3478,31.0
3479,31.0
3480,31.0
3481,31.0
3482,31.0
3483,31.0
3484,31.0
3485,31.0
3486,31.0
3487,31.0
3488,31.0
3489,31.0
3490,31.0
3491,31.0
3492,31.0
3493,31.0
3494,31.0
3495,31.0
3496,31.0
3497,31.0
3498,31.0
3499,31.0
3500,31.0
3501,31.0
3502,31.0
3503,31.0
3504,31.0
3505,31.0
3506,31.0
3507,31.0
3508,31.0
3509,31.0
3510,31.0
3511,31.0
3512,31.0
3513,31.0
3514,31.0
3515,31.0
3516,31.0
3517,31.0
3518,31.0
3519,31.0
3520,31.0
3521,31.0
3522,31.0
3523,31.0
3524,31.0
3525,31.0
3526,31.0
3527,31.0
3528,31.0
3529,31.0
3530,31.0
3531,31.0
3532,31.0
3533,31.0
3534,31.0
3535,31.0
3536,31.0
3537,31.0
3538,31.0
3539,31.0
3540,31.0
3541,31.0
3542,31.0
3543,31.0
3544,31.0
3545,31.0
3546,31.0
3547,31.0
3548,31.0
3549,31.0
3550,31.0
3551,31.0
3552,31.0
3553,34.0
3554,31.0
3555,31.0
3556,31.0
3557,34.0
3558,34.0
3559,31.0
3560,31.0
3561,31.0
3562,31.0
3563,31.0
3564,31.0
3565,31.0
3566,31.0
3567,31.0
3568,31.0
3569,31.0
3570,31.0
3571,31.0
3572,31.0
3573,31.0
3574,31.0
3575,31.0
3576,31.0
3577,31.0
3578,31.0
3579,31.0
3580,31.0
3581,31.0
3582,31.0
3583,31.0
3584,31.0
3585,31.0
3586,31.0
3587,31.0
3588,31.0
3589,31.0
3590,31.0
3591,31.0
3592,31.0
3593,31.0
3594,31.0
3595,31.0
3596,31.0
3597,31.0
3598,31.0
3599,31.0
3600,31.0
3601,31.0
3602,31.0
3603,31.0
3604,31.0
3605,31.0
3606,31.0
3607,31.0
3608,31.0
3609,31.0
3610,31.0
3611,31.0
3612,31.0
3613,31.0
3614,31.0
3615,31.0
3616,31.0
3617,31.0
3618,31.0
3619,31.0
3620,31.0
3621,31.0
3622,31.0
3623,31.0
3624,31.0
3625,31.0
3626,31.0
3627,31.0
3628,31.0
3629,31.0
3630,31.0
3631,31.0
3632,31.0
3633,31.0
3634,31.0
3635,31.0
3636,31.0
3637,31.0
3638,31.0
3639,31.0
3640,31.0
3641,31.0
3642,31.0
3643,31.0
3644,31.0
3645,31.0
3646,31.0
3647,31.0
3648,31.0
3649,31.0
3650,31.0
3651,31.0
3652,31.0
3653,31.0
3654,31.0
3655,31.0
3656,31.0
3657,31.0
3658,31.0
3659,31.0
3660,31.0
3661,31.0
3662,31.0
3663,31.0
3664,31.0
3665,31.0
3666,31.0
3667,31.0
3668,31.0
3669,31.0
3670,31.0
3671,31.0
3672,31.0
3673,31.0
3674,31.0
3675,31.0
3676,31.0
3677,31.0
3678,31.0
3679,31.0
3680,31.0
3681,31.0
3682,31.0
3683,31.0
3684,31.0
3685,31.0
3686,31.0
3687,31.0
3688,31.0
3689,31.0
3690,31.0
3691,31.0
3692,31.0
3693,31.0
3694,31.0
3695,34.0
3696,34.0
3697,34.0
3698,34.0
3699,34.0
3700,34.0
3701,34.0
3702,34.0
3703,34.0
3704,34.0
3705,34.0
3706,34.0
3707,34.0
3708,34.0
3709,34.0
3710,34.0
3711,34.0
3712,34.0
3713,34.0
3714,34.0
3715,34.0
3716,34.0
3717,34.0
3718,34.0
3719,34.0
3720,34.0
3721,34.0
3722,34.0
3723,34.0
3724,34.0
3725,34.0
3726,34.0
3727,34.0
3728,34.0
3729,34.0
3730,34.0
3731,34.0
3732,34.0
3733,34.0
3734,34.0
3735,34.0
3736,34.0
3737,34.0
3738,34.0
3739,34.0
3740,34.0
3741,34.0
3742,34.0
3743,34.0
3744,34.0
3745,34.0
3746,34.0
3747,34.0
3748,34.0
3749,34.0
3750,34.0
3751,34.0
3752,34.0
3753,34.0
3754,34.0
3755,34.0
3756,34.0
3757,34.0
3758,34.0
3759,34.0
3760,35.0
3761,34.0
3762,34.0
3763,34.0
3764,34.0
3765,34.0
3766,34.0
3767,34.0
3768,34.0
3769,34.0
3770,34.0
3771,34.0
3772,34.0
3773,34.0
3774,34.0
3775,34.0
3776,35.0
3777,35.0
3778,35.0
3779,35.0
3780,34.0
3781,34.0
3782,34.0
3783,34.0
3784,34.0
3785,34.0
3786,34.0
3787,34.0
3788,34.0
3789,34.0
3790,34.0
3791,34.0
3792,34.0
3793,34.0
3794,34.0
3795,34.0
3796,34.0
3797,34.0
3798,34.0
3799,34.0
3800,34.0
3801,34.0
3802,34.0
3803,34.0
3804,34.0
3805,34.0
3806,34.0
3807,34.0
3808,34.0
3809,34.0
3810,34.0
3811,34.0
3812,34.0
3813,34.0
3814,34.0
3815,34.0
3816,34.0
3817,34.0
3818,34.0
3819,34.0
3820,34.0
3821,34.0
3822,34.0
3823,34.0
3824,34.0
3825,34.0
3826,34.0
3827,34.0
3828,34.0
3829,34.0
3830,34.0
3831,34.0
3832,34.0
3833,34.0
3834,34.0
3835,34.0
3836,34.0
3837,34.0
3838,34.0
3839,34.0
3840,34.0
3841,34.0
3842,34.0
3843,34.0
3844,34.0
3845,34.0
3846,34.0
3847,34.0
3848,34.0
3849,34.0
3850,34.0
3851,34.0
3852,34.0
3853,34.0
3854,34.0
3855,35.0
3856,35.0
3857,34.0
3858,34.0
3859,34.0
3860,34.0
3861,34.0
3862,34.0
3863,34.0
3864,34.0
3865,34.0
3866,34.0
3867,34.0
3868,34.0
3869,34.0
3870,34.0
3871,34.0
3872,34.0
3873,34.0
3874,34.0
3875,34.0
3876,34.0
3877,34.0
3878,34.0
3879,34.0
3880,34.0
3881,34.0
3882,34.0
3883,34.0
3884,34.0
3885,34.0
3886,34.0
3887,34.0
3888,34.0
3889,34.0
3890,34.0
3891,34.0
3892,34.0
3893,34.0
3894,34.0
3895,34.0
3896,34.0
3897,34.0
3898,34.0
3899,34.0
3900,34.0
3901,34.0
3902,34.0
3903,34.0
3904,34.0
3905,34.0
3906,34.0
3907,34.0
3908,34.0
3909,34.0
3910,34.0
3911,34.0
3912,34.0
3913,34.0
3914,34.0
3915,34.0
3916,34.0
3917,34.0
3918,34.0
3919,34.0
3920,34.0
3921,34.0
3922,34.0
3923,34.0
3924,34.0
3925,34.0
3926,34.0
3927,34.0
3928,34.0
3929,34.0
3930,34.0
3931,34.0
3932,34.0
3933,34.0
3934,34.0
3935,34.0
3936,34.0
3937,34.0
3938,34.0
3939,34.0
3940,34.0
3941,34.0
3942,34.0
3943,34.0
3944,34.0
3945,34.0
3946,34.0
3947,34.0
3948,34.0
3949,34.0
3950,34.0
3951,34.0
3952,34.0
3953,34.0
3954,34.0
3955,34.0
3956,34.0
3957,34.0
3958,34.0
3959,34.0
3960,34.0
3961,34.0
3962,34.0
3963,34.0
3964,34.0
3965,34.0
3966,34.0
3967,34.0
3968,34.0
3969,34.0
3970,34.0
3971,34.0
3972,34.0
3973,34.0
3974,34.0
3975,34.0
3976,34.0
3977,34.0
3978,34.0
3979,34.0
3980,34.0
3981,34.0
3982,34.0
3983,34.0
3984,34.0
3985,34.0
3986,34.0
3987,34.0
3988,34.0
3989,34.0
3990,34.0
3991,34.0
3992,34.0
3993,34.0
3994,34.0
3995,34.0
3996,34.0
3997,34.0
3998,34.0
3999,34.0
4000,34.0
4001,34.0
4002,34.0
4003,34.0
4004,34.0
4005,34.0
4006,34.0
4007,34.0
4008,34.0
4009,34.0
4010,34.0
4011,34.0
4012,34.0
4013,34.0
4014,34.0
4015,34.0
4016,34.0
4017,34.0
4018,34.0
4019,34.0
4020,34.0
4021,34.0
4022,34.0
4023,34.0
4024,34.0
4025,34.0
4026,34.0
4027,34.0
4028,34.0
4029,34.0
4030,35.0
4031,35.0
4032,35.0
4033,35.0
4034,34.0
4035,34.0
4036,34.0
4037,34.0
4038,34.0
4039,34.0
4040,34.0
4041,34.0
4042,34.0
4043,34.0
4044,34.0
4045,34.0
4046,35.0
4047,35.0
4048,35.0
4049,35.0
4050,35.0
4051,35.0
4052,35.0
4053,35.0
4054,35.0
4055,35.0
4056,35.0
4057,35.0
4058,35.0
4059,35.0
4060,35.0
4061,35.0
4062,35.0
4063,35.0
4064,35.0
4065,35.0
4066,35.0
4067,35.0
4068,35.0
4069,35.0
4070,34.0
4071,34.0
4072,34.0
4073,34.0
4074,34.0
4075,34.0
4076,34.0
4077,34.0
4078,34.0
4079,34.0
4080,34.0
4081,34.0
4082,34.0
4083,34.0
4084,34.0
4085,34.0
4086,34.0
4087,34.0
4088,34.0
4089,34.0
4090,34.0
4091,34.0
4092,34.0
4093,34.0
4094,34.0
4095,34.0
4096,34.0
4097,34.0
4098,34.0
4099,34.0
4100,34.0
4101,34.0
4102,34.0
4103,34.0
4104,34.0
4105,34.0
4106,34.0
4107,34.0
4108,34.0
4109,34.0
4110,34.0
4111,34.0
4112,35.0
4113,35.0
4114,35.0
4115,35.0
4116,35.0
4117,35.0
4118,35.0
4119,35.0
4120,35.0
4121,35.0
4122,35.0
4123,35.0
4124,35.0
4125,35.0
4126,35.0
4127,35.0
4128,35.0
4129,35.0
4130,34.0
4131,34.0
4132,34.0
4133,34.0
4134,34.0
4135,34.0
4136,34.0
4137,34.0
4138,34.0
4139,34.0
4140,35.0
4141,35.0
4142,34.0
4143,34.0
4144,34.0
4145,34.0
4146,34.0
4147,34.0
4148,34.0
4149,34.0
4150,34.0
4151,34.0
4152,34.0
4153,34.0
4154,34.0
4155,34.0
4156,34.0
4157,34.0
4158,34.0
4159,34.0
4160,34.0
4161,34.0
4162,34.0
4163,34.0
4164,34.0
4165,34.0
4166,34.0
4167,34.0
4168,34.0
4169,34.0
4170,34.0
4171,34.0
4172,34.0
4173,34.0
4174,34.0
4175,35.0
4176,35.0
4177,35.0
4178,35.0
4179,35.0
4180,35.0
4181,35.0
4182,35.0
4183,35.0
4184,35.0
4185,35.0
4186,35.0
4187,35.0
4188,35.0
4189,35.0
4190,35.0
4191,35.0
4192,35.0
4193,35.0
4194,35.0
4195,35.0
4196,35.0
4197,35.0
4198,35.0
4199,35.0
4200,35.0
4201,35.0
4202,35.0
4203,35.0
4204,35.0
4205,35.0
4206,35.0
4207,35.0
4208,35.0
4209,35.0
4210,35.0
4211,35.0
4212,35.0
4213,35.0
4214,35.0
4215,35.0
4216,35.0
4217,34.0
4218,34.0
4219,34.0
4220,34.0
4221,34.0
4222,34.0
4223,34.0
4224,34.0
4225,34.0
4226,34.0
4227,34.0
4228,34.0
4229,34.0
4230,34.0
4231,35.0
4232,35.0
4233,34.0
4234,34.0
4235,34.0
4236,34.0
4237,34.0
4238,34.0
4239,34.0
4240,34.0
4241,34.0
4242,34.0
4243,34.0
4244,34.0
4245,34.0
4246,34.0
4247,34.0
4248,35.0
4249,35.0
4250,35.0
4251,35.0
4252,34.0
4253,34.0
4254,34.0
4255,34.0
4256,34.0
4257,34.0
4258,34.0
4259,34.0
4260,34.0
4261,34.0
4262,34.0
4263,34.0
4264,34.0
4265,34.0
4266,34.0
4267,34.0
4268,34.0
4269,34.0
4270,34.0
4271,34.0
4272,34.0
4273,34.0
4274,34.0
4275,34.0
4276,34.0
4277,34.0
4278,34.0
4279,34.0
4280,34.0
4281,34.0
4282,34.0
4283,34.0
4284,34.0
4285,34.0
4286,34.0
4287,34.0
4288,34.0
4289,34.0
4290,34.0
4291,34.0
4292,34.0
4293,34.0
4294,34.0
4295,34.0
4296,34.0
4297,34.0
4298,34.0
4299,34.0
4300,34.0
4301,34.0
4302,34.0
4303,34.0
4304,34.0
4305,34.0
4306,34.0
4307,34.0
4308,34.0
4309,34.0
4310,34.0
4311,34.0
4312,34.0
4313,34.0
4314,34.0
4315,34.0
4316,34.0
4317,34.0
4318,34.0
4319,34.0
4320,34.0
4321,34.0
4322,34.0
4323,34.0
4324,34.0
4325,34.0
4326,34.0
4327,34.0
4328,34.0
4329,34.0
4330,34.0
4331,34.0
4332,34.0
4333,34.0
4334,34.0
4335,34.0
4336,34.0
4337,34.0
4338,34.0
4339,34.0
4340,34.0
4341,34.0
4342,34.0
4343,34.0
4344,34.0
4345,34.0
4346,34.0
4347,34.0
4348,34.0
4349,34.0
4350,35.0
4351,35.0
4352,35.0
4353,35.0
4354,35.0
4355,34.0
4356,34.0
4357,34.0
4358,34.0
4359,34.0
4360,34.0
4361,34.0
4362,34.0
4363,34.0
4364,34.0
4365,34.0
4366,34.0
4367,34.0
4368,34.0
4369,34.0
4370,36.0
4371,34.0
4372,34.0
4373,35.0
4374,34.0
4375,34.0
4376,34.0
4377,34.0
4378,34.0
4379,35.0
4380,35.0
4381,34.0
4382,34.0
4383,34.0
4384,34.0
4385,34.0
4386,34.0
4387,34.0
4388,34.0
4389,34.0
4390,34.0
4391,34.0
4392,34.0
4393,34.0
4394,34.0
4395,34.0
4396,35.0
4397,34.0
4398,34.0
4399,34.0
4400,34.0
4401,34.0
4402,34.0
4403,34.0
4404,34.0
4405,34.0
4406,34.0
4407,34.0
4408,34.0
4409,34.0
4410,34.0
4411,34.0
4412,34.0
4413,34.0
4414,34.0
4415,34.0
4416,34.0
4417,34.0
4418,34.0
4419,34.0
4420,34.0
4421,34.0
4422,34.0
4423,34.0
4424,34.0
4425,34.0
4426,34.0
4427,34.0
4428,34.0
4429,34.0
4430,34.0
4431,34.0
4432,34.0
4433,34.0
4434,34.0
4435,34.0
4436,34.0
4437,34.0
4438,34.0
4439,34.0
4440,34.0
4441,34.0
4442,34.0
4443,34.0
4444,34.0
4445,34.0
4446,34.0
4447,34.0
4448,34.0
4449,34.0
4450,34.0
4451,34.0
4452,34.0
4453,34.0
4454,34.0
4455,34.0
4456,34.0
4457,34.0
4458,34.0
4459,34.0
4460,34.0
4461,34.0
4462,34.0
4463,34.0
4464,34.0
4465,34.0
4466,34.0
4467,34.0
4468,34.0
4469,34.0
4470,34.0
4471,35.0
4472,35.0
4473,34.0
4474,34.0
4475,35.0
4476,35.0
4477,35.0
4478,35.0
4479,35.0
4480,35.0
4481,35.0
4482,35.0
4483,35.0
4484,35.0
4485,35.0
4486,35.0
4487,34.0
4488,34.0
4489,34.0
4490,34.0
4491,34.0
4492,34.0
4493,34.0
4494,34.0
4495,34.0
4496,34.0
4497,34.0
4498,34.0
4499,34.0
4500,34.0
4501,35.0
4502,35.0
4503,35.0
4504,35.0
4505,35.0
4506,35.0
4507,35.0
4508,35.0
4509,35.0
4510,35.0
4511,35.0
4512,35.0
4513,35.0
4514,35.0
4515,35.0
4516,35.0
4517,34.0
4518,34.0
4519,34.0
4520,34.0
4521,34.0
4522,34.0
4523,34.0
4524,34.0
4525,34.0
4526,34.0
4527,34.0
4528,34.0
4529,34.0
4530,34.0
4531,34.0
4532,34.0
4533,34.0
4534,35.0
4535,35.0
4536,35.0
4537,35.0
4538,34.0
4539,34.0
4540,35.0
4541,35.0
4542,35.0
4543,34.0
4544,34.0
4545,34.0
4546,34.0
4547,34.0
4548,34.0
4549,34.0
4550,34.0
4551,34.0
4552,34.0
4553,34.0
4554,34.0
4555,34.0
4556,34.0
4557,34.0
4558,34.0
4559,34.0
4560,36.0
4561,36.0
4562,36.0
4563,36.0
4564,34.0
4565,34.0
4566,34.0
4567,34.0
4568,34.0
4569,34.0
4570,34.0
4571,34.0
4572,35.0
4573,34.0
4574,34.0
4575,34.0
4576,34.0
4577,34.0
4578,34.0
4579,34.0
4580,34.0
4581,34.0
4582,34.0
4583,34.0
4584,34.0
4585,34.0
4586,34.0
4587,34.0
4588,34.0
4589,34.0
4590,34.0
4591,34.0
4592,34.0
4593,34.0
4594,34.0
4595,34.0
4596,34.0
4597,34.0
4598,34.0
4599,34.0
4600,34.0
4601,34.0
4602,34.0
4603,34.0
4604,34.0
4605,34.0
4606,34.0
4607,34.0
4608,34.0
4609,34.0
4610,34.0
4611,34.0
4612,34.0
4613,34.0
4614,34.0
4615,34.0
4616,34.0
4617,34.0
4618,34.0
4619,34.0
4620,34.0
4621,34.0
4622,34.0
4623,34.0
4624,34.0
4625,34.0
4626,34.0
4627,34.0
4628,34.0
4629,34.0
4630,34.0
4631,34.0
4632,34.0
4633,34.0
4634,34.0
4635,34.0
4636,34.0
4637,35.0
4638,35.0
4639,35.0
4640,35.0
4641,35.0
4642,35.0
4643,35.0
4644,35.0
4645,34.0
4646,34.0
4647,34.0
4648,34.0
4649,34.0
4650,34.0
4651,34.0
4652,34.0
4653,34.0
4654,34.0
4655,34.0
4656,34.0
4657,34.0
4658,34.0
4659,34.0
4660,34.0
4661,34.0
4662,34.0
4663,34.0
4664,34.0
4665,34.0
4666,34.0
4667,34.0
4668,34.0
4669,34.0
4670,34.0
4671,34.0
4672,34.0
4673,34.0
4674,34.0
4675,34.0
4676,34.0
4677,34.0
4678,34.0
4679,34.0
4680,34.0
4681,34.0
4682,34.0
4683,34.0
4684,34.0
4685,34.0
4686,34.0
4687,35.0
4688,35.0
4689,34.0
4690,34.0
4691,34.0
4692,34.0
4693,34.0
4694,34.0
4695,34.0
4696,34.0
4697,34.0
4698,34.0
4699,34.0
4700,34.0
4701,34.0
4702,34.0
4703,34.0
4704,35.0
4705,34.0
4706,34.0
4707,35.0
4708,35.0
4709,35.0
4710,35.0
4711,35.0
4712,35.0
4713,35.0
4714,35.0
4715,35.0
4716,34.0
4717,34.0
4718,34.0
4719,34.0
4720,34.0
4721,34.0
4722,34.0
4723,34.0
4724,34.0
4725,34.0
4726,34.0
4727,34.0
4728,34.0
4729,34.0
4730,34.0
4731,34.0
4732,34.0
4733,34.0
4734,34.0
4735,34.0
4736,34.0
4737,34.0
4738,34.0
4739,34.0
4740,34.0
4741,34.0
4742,34.0
4743,34.0
4744,34.0
4745,34.0
4746,34.0
4747,34.0
4748,34.0
4749,34.0
4750,34.0
4751,34.0
4752,34.0
4753,34.0
4754,34.0
4755,34.0
4756,34.0
4757,34.0
4758,34.0
4759,34.0
4760,34.0
4761,34.0
4762,34.0
4763,34.0
4764,34.0
4765,34.0
4766,34.0
4767,34.0
4768,34.0
4769,34.0
4770,34.0
4771,34.0
4772,34.0
4773,34.0
4774,34.0
4775,34.0
4776,34.0
4777,34.0
4778,34.0
4779,34.0
4780,34.0
4781,34.0
4782,34.0
4783,34.0
4784,34.0
4785,34.0
4786,34.0
4787,34.0
4788,34.0
4789,34.0
4790,34.0
4791,34.0
4792,34.0
4793,34.0
4794,34.0
4795,34.0
4796,34.0
4797,34.0
4798,34.0
4799,34.0
4800,34.0
4801,34.0
4802,34.0
4803,34.0
4804,34.0
4805,34.0
4806,34.0
4807,34.0
4808,34.0
4809,34.0
4810,34.0
4811,34.0
4812,34.0
4813,34.0
4814,34.0
4815,34.0
4816,34.0
4817,34.0
4818,34.0
4819,34.0
4820,34.0
4821,34.0
4822,34.0
4823,34.0
4824,34.0
4825,34.0
4826,34.0
4827,35.0
4828,35.0
4829,35.0
4830,35.0
4831,35.0
4832,35.0
4833,35.0
4834,34.0
4835,34.0
4836,34.0
4837,34.0
4838,34.0
4839,34.0
4840,34.0
4841,34.0
4842,34.0
4843,34.0
4844,34.0
4845,34.0
4846,34.0
4847,34.0
4848,34.0
4849,34.0
4850,34.0
4851,34.0
4852,34.0
4853,34.0
4854,34.0
4855,34.0
4856,34.0
4857,34.0
4858,34.0
4859,34.0
4860,34.0
4861,34.0
4862,34.0
4863,34.0
4864,34.0
4865,34.0
4866,34.0
4867,34.0
4868,34.0
4869,34.0
4870,34.0
4871,34.0
4872,34.0
4873,34.0
4874,34.0
4875,34.0
4876,34.0
4877,34.0
4878,35.0
4879,35.0
4880,35.0
4881,35.0
4882,35.0
4883,35.0
4884,35.0
4885,35.0
4886,35.0
4887,35.0
4888,35.0
4889,35.0
4890,35.0
4891,35.0
4892,35.0
4893,35.0
4894,35.0
4895,35.0
4896,35.0
4897,35.0
4898,35.0
4899,35.0
4900,35.0
4901,35.0
4902,35.0
4903,35.0
4904,35.0
4905,35.0
4906,35.0
4907,35.0
4908,35.0
4909,35.0
4910,35.0
4911,35.0
4912,35.0
4913,35.0
4914,35.0
4915,35.0
4916,35.0
4917,35.0
4918,35.0
4919,35.0
4920,35.0
4921,35.0
4922,35.0
4923,35.0
4924,35.0
4925,35.0
4926,35.0
4927,35.0
4928,35.0
4929,35.0
4930,35.0
4931,35.0
4932,35.0
4933,35.0
4934,35.0
4935,35.0
4936,35.0
4937,35.0
4938,35.0
4939,35.0
4940,35.0
4941,35.0
4942,35.0
4943,35.0
4944,35.0
4945,35.0
4946,35.0
4947,35.0
4948,35.0
4949,35.0
4950,35.0
4951,35.0
4952,35.0
4953,35.0
4954,35.0
4955,35.0
4956,35.0
4957,35.0
4958,35.0
4959,35.0
4960,35.0
4961,35.0
4962,35.0
4963,35.0
4964,35.0
4965,35.0
4966,35.0
4967,35.0
4968,35.0
4969,35.0
4970,35.0
4971,35.0
4972,35.0
4973,35.0
4974,35.0
4975,35.0
4976,35.0
4977,35.0
4978,35.0
4979,35.0
4980,35.0
4981,35.0
4982,35.0
4983,36.0
4984,36.0
4985,35.0
4986,35.0
4987,35.0
4988,35.0
4989,35.0
4990,35.0
4991,35.0
4992,35.0
4993,35.0
4994,35.0
4995,35.0
4996,35.0
4997,35.0
4998,35.0
4999,35.0
